query,response_default,response_c37,reference
"Who is the signatory of this official 1978 letter from the Department of Health, Education, and Welfare's Food and Drug Administration, and what was their position within the organization?","The signatory of the 1978 letter from the FDA is Donald Plumb, who served as Assistant to the Director of the Division of Regulatory Guidance in the Bureau of Foods. His signature appears above his typed name and title. The letter (dated July 24, 1978) was sent to Letitia Brewster at the Center for Science in the Public Interest and included reference number F78-17347.","Based on the information provided in the document, I can tell you about the signatory of the 1978 letter from the Department of Health, Education, and Welfare's Food and Drug Administration:

The letter was signed by **Donald Plumb**, who held the position of **Assistant to the Director of the Division of Regulatory Guidance, Bureau of Foods** within the Food and Drug Administration.

This letter was dated July 24, 1978, and was addressed to Letitia Brewster from the Center for Science in the Public Interest in Washington, D.C. The letter appears to have been in response to a previous request from June 26, 1978, and included minutes from a meeting held on May 5, 1978, concerning labeling.

Is there any specific aspect about this letter or Donald Plumb's role that you'd like to know more about?","The letter is signed by Donald Plumb, who served as Assistant to the Director of the Division of Regulatory Guidance in the Bureau of Foods at the FDA. His signature appears above his typed name and title in the document. The letter, dated July 24, 1978, was sent to Letitia Brewster at the Center for Science in the Public Interest, confirming that a copy of meeting minutes regarding labeling from May 5, 1978 was enclosed as requested. The document includes reference number F78-17347 and was issued from the FDA's Washington, D.C. office. The letterhead features the official seal of the Department of Health, Education, and Welfare."
"Based on the corporate document policy shown in this image, what is the specific title or purpose of Policy No. 18 as referenced in Article 2 of the Document Control Policy?","According to Article 2 (General Provisions) of the Document Control Policy (Policy No. 8), Policy No. 18 is specifically titled 'Policy on Confidential Information Management.' This policy appears to be part of an integrated framework of document management policies, alongside Policy No. 6 (Policy on Handling Contract Documents, etc, and Corporate Seals) and Policy No. 67 (Policy on IT Security).","Based on the information I've gathered from the available documents, I can provide some context about the Document Control Policy (Policy No. 8), but I don't have the complete details about Policy No. 18 specifically referenced in Article 2.

From the descriptions I've found, Policy No. 8 is titled ""Policy on Document Control"" and contains general provisions about managing and utilizing document information effectively in response to legal and administrative needs. Article 2 of this policy deals with the handling of documents according to specified policies, including those related to handling contracts, confidential information, and IT security.

However, the specific title or purpose of Policy No. 18 that's referenced in Article 2 is not explicitly stated in the available documents I've searched. The descriptions only mention that Article 2 references other policies, including those related to confidential information and IT security, but doesn't provide the specific title or full details about Policy No. 18.

Would you like me to try another approach to find this information, or do you have any additional details that might help narrow down the search?","According to the document visible in the image, Policy No. 18 is explicitly identified as the ""Policy on Confidential Information Management."" This reference appears in Article 2 (General Provisions) of Policy No. 8 regarding Document Control. The document shows that the company's document handling procedures must follow multiple policies, including Policy No. 6 (Policy on Handling Contract Documents, etc, and Corporate Seals), Policy No. 18 (Policy on Confidential Information Management), and Policy No. 67 (Policy on IT Security). Policy No. 18 appears to be part of an integrated framework of document management policies that collectively govern how the company handles various types of information, with specific focus on confidential information management."
"According to the expenditure chart for health care services in Cuyahoga County shown in Figure V-8, in which year between 1955 and 1960 did the Family and Child Welfare Programs (including public assistance and other health and welfare programs) receive the lowest total funding allocation?","Based on Figure V-8, the Family and Child Welfare Programs received the lowest funding allocation in 1955, with a total of $709,000. This amount was significantly lower than the $1,897,000 allocated in 1960 for the same programs. The 1955 funding was distributed across three sources: local (25%), state (48%), and private (27%) funding. By comparison, the Local Health Department Programs received higher funding in both years shown.","Based on my searches, I've found information about Figure V-8, which is a bar chart showing expenditures for health care services in Cuyahoga County between 1955 and 1960. However, I don't have the specific monetary values for the Family and Child Welfare Programs for each year within that period.

The descriptions mention that Figure V-8 compares expenditures between 1955 and 1960 for two main categories:
1. Local Health Department Programs (including nursing and school health services)
2. Family and Child Welfare Programs (including public assistance and other health and welfare programs)

The chart shows funding sources categorized as Local, Federal, State, and Private, with monetary values indicated at the top of each bar and percentages shown in circular markers.

However, since I don't have the specific yearly funding amounts for each year between 1955 and 1960, I cannot definitively state which year had the lowest total funding allocation for Family and Child Welfare Programs.

To accurately answer your question, I would need more detailed information about the specific funding amounts for Family and Child Welfare Programs for each year between 1955 and 1960 as shown in Figure V-8.

Is there anything else you'd like to know about the information that is available about this chart?","Based on the bar chart presented in Figure V-8, the Family and Child Welfare Programs received the least funding in 1955, with a total of $709,000. This is significantly lower than the $1,897,000 allocated in 1960 for the same programs. The 1955 funding was distributed across three sources: local (25% of total), state (48% of total), and private (27% of total) funding. By comparison, both the Local Health Department Programs received higher funding in both years shown, with $1,906,000 in 1955 and $2,496,000 in 1960. The chart clearly illustrates a substantial increase in funding for Family and Child Welfare Programs between 1955 and 1960, with the 1960 amount being more than 2.5 times the 1955 allocation."
"According to the research document on paper development, which specific chemical compound's effect is being evaluated on IP (Internal Penetration) using the base sheet 99103A-12 Coresta as shown in section I.2 of the technical report?","According to section I.2 of the technical report, citrate is the specific chemical compound being evaluated for its effect on IP (Internal Penetration) using the base sheet 99103A-12 Coresta. The document presents experimental data showing various citrate concentrations (ranging from 0.25% to 1.00%) combined with different alkali metals (NA+, K+, and NA+/K+ combinations) and their corresponding RIP-4 results.","Based on the search results, I can answer your question about the chemical compound being evaluated in the paper development research.

According to document 289.png, the research is evaluating the effect of **citrate** on IP (Internal Penetration) using the base sheet 99103A-12 Coresta. This is mentioned in section I.2 of the technical report titled ""Evaluation and Effects of Citrate on Rip Paper and Ignition Propensity.""

The document specifically investigates how varying levels of citrate and alkali metal presence affect the Internal Penetration properties of this particular base sheet. This research appears to be part of a broader study on RIP (Reduced Ignition Propensity) paper development and ignition characteristics.

Is there anything specific about the citrate testing or the results from this research that you'd like to know more about?","Based on the image, citrate is the compound being evaluated for its effect on IP (Internal Penetration). This is clearly indicated in section I.2 of the document titled ""Determine Effect of Citrate on IP (Base Sheet 99103A-12 Coresta)."" The document presents experimental data showing various citrate concentrations (ranging from 0.25% to 1.00%) combined with different alkali metals (NA+, K+, and NA+/K+ combinations) and their corresponding RIP-4 results. The experiment appears to be part of a collaboration with Ecusta to develop RIP paper, with citrate being a key variable in the study of paper performance characteristics."
"According to the Consumer Dynamics GPC report from B&W shown in this document, what percentage of market share does the company hold in the 21-25 age demographic segment, and how does this figure compare to their other performance metrics?","According to the B&W Consumer Dynamics GPC report, the company holds a 2.5% market share in the 21-25 age demographic segment, with an index value of 64 (shown in parentheses). This is one of the lowest metrics on the report, significantly lower than their overall franchise retention rate of 83.6% (index 103). The document also shows that 48.5% of their franchise consists of single brand users, and they've gained 11.4% share of industry switchers. This data comes from USMM covering January 1995 to June 1995.","Based on my research of the available document summaries, I can provide you with information about the B&W Consumer Dynamics report regarding the 21-25 age demographic segment. Let me consolidate what I've found.

From the Consumer Dynamics reports, I can see there are two relevant documents:

1. Document 287, showing B&W's Consumer Dynamics GPC statistics from USMM 1/95-6/95, 12-Month Data
2. Document 302, a comparison of Consumer Dynamics KOOL for 1994 vs. 1995

Both documents include metrics on:
- Franchise retention
- Switching losses
- Quitting losses
- Single brand users
- Industry switchers gained
- 21-25 segment share

While I can see that these documents contain information about the 21-25 age demographic segment, the specific percentage of market share for this segment isn't explicitly mentioned in the summaries I have access to. 

For the KOOL brand specifically (document 302), we know that:
- Franchise retention increased from 80.7% in 1994 to 83.6% in 1995
- Switching losses decreased from 14.1% to 10.3%
- Single brand users increased from 75.7% to 78.2%
- The report indicates that the ""share of the 21-25 segment remained relatively stable"" between 1994 and 1995

However, without the exact percentage figure for the 21-25 segment share, I cannot provide the specific market share figure you're asking about or make a complete comparison to other performance metrics.

Would you like me to search for additional information using different search terms, or would you prefer information about other aspects of the B&W Consumer Dynamics reports that I do have access to?","Based on the B&W Consumer Dynamics GPC report displayed in the image, the share of the 21-25 segment is precisely 2.5%, with an index value of 64 shown in parentheses. This appears to be one of the lowest metrics on the report, significantly lower than their overall franchise retention rate of 83.6% (index 103). The document also shows that 48.5% of their franchise consists of single brand users, and they've gained 11.4% share of industry switchers. This information comes from USMM data covering the period from January 1995 to June 1995 (12-month data), as noted at the bottom of the report. The low index value of 64 for the 21-25 segment suggests this is an underperforming demographic compared to some benchmark."
"What is the specific date on which this formal correspondence from Takeda Pharmaceuticals North America, Inc. to Dr. David Orloff at the FDA's Division of Metabolic & Endocrine Drug Products was issued, as indicated in the letter header?","The formal correspondence from Takeda Pharmaceuticals North America, Inc. to Dr. David Orloff at the FDA's Division of Metabolic & Endocrine Drug Products was issued on November 18, 2002, as clearly indicated in the date line positioned near the top of the document. This letter regarding ACTOS® (pioglitazone HCl) Tablets appears to be responding to an FDA request for information concerning a clinical trial.","Based on the information retrieved, the formal correspondence from Takeda Pharmaceuticals North America, Inc. to Dr. David Orloff at the FDA's Division of Metabolic & Endocrine Drug Products was issued on November 18, 2002.

The letter specifically concerned ACTOS (pioglitazone HCl) tablets in 15, 30, and 45 mg doses and was responding to an FDA request for information following a telephone conference between FDA representatives and Takeda. The correspondence addressed clinical studies involving ACTOS, with particular attention to a case involving a 58-year-old male patient diagnosed with bladder cancer.

Is there anything else about this correspondence you'd like to know?","The letter was sent on November 18, 2002, as clearly indicated in the date line positioned near the top of the document. This formal correspondence from Takeda Pharmaceuticals North America, Inc. was addressed to Dr. David Orloff at the FDA regarding ACTOS® (pioglitazone HCl) Tablets. The document appears to be a response to an FDA request for information concerning a clinical trial, specifically addressing the breaking of study medication blind on two patients who were discontinued from the study. The date is positioned on the left side of the page below the company letterhead and before the recipient's address details."
"According to the ITC Employee Stock Option Scheme data shown in this annexure to the Report of Directors dated March 31, 2009, what is the total cumulative number of stock options that were granted or allocated by ITC Limited across all years from 2001 through 2006 as displayed in the summary table?","According to the ITC Employee Stock Option Scheme data in the annexure to the Report of Directors dated March 31, 2009, the total cumulative number of stock options granted/allocated from 2001 through 2006 is 1,08,35,696. The year-by-year breakdown shows: 3,39,119 options in 2001, 6,27,070 in 2002, 11,82,616 in 2003, 11,43,195 in 2004, 14,48,071 in 2005, and 60,95,625 in 2006. This information was disclosed pursuant to Clause 12 of the SEBI (Employee Stock Option Scheme and Employee Stock Purchase Scheme) Guidelines, 1999.","Based on my searches, I can see that document 3129305b-c551-48f3-9ec5-0d198a48873c (file 4731.png) contains the ITC Employee Stock Option Scheme data as of March 31, 2009, which includes information about stock options granted from 2001 to 2008. However, I haven't been able to retrieve the specific numbers needed to answer your question about the cumulative number of stock options granted from 2001 through 2006.

The document descriptions indicate that the annexure includes a table with ""the total number of options granted from 2001 to 2008,"" along with other details like pricing formula, exercise prices, and information about vested and exercised options. However, the specific numbers themselves are not provided in the text descriptions I've received.

Without the ability to see the actual numbers in the table, I cannot provide the exact cumulative total of stock options granted by ITC Limited from 2001 through 2006. The document exists in the knowledge base, but I don't have access to the specific numerical data contained within the table in the image.

Would you like me to help you with any other information related to ITC's Employee Stock Option Scheme that might be available in the text descriptions, or is there another topic I can assist with?","Based on the document, the total number of options granted/allocated from 2001 to 2006 under the ITC Employee Stock Option Scheme is 1,08,35,696. This figure appears in the ""Total"" column of the table in section (a) ""Total number of Options granted/allocated."" The document shows a year-by-year breakdown of these grants: 3,39,119 options in 2001, 6,27,070 in 2002, 11,82,616 in 2003, 11,43,195 in 2004, 14,48,071 in 2005, and 60,95,625 in 2006, which together sum to the total of 1,08,35,696 options. This information is part of a disclosure made pursuant to Clause 12 of the Securities and Exchange Board of India (Employee Stock Option Scheme and Employee Stock Purchase Scheme) Guidelines, 1999."
"According to the clinical trial flow chart shown in this document, out of the 100 study subjects who were enrolled in the drug trial, how many of them underwent and completed a baseline angiogram procedure as part of the initial assessment?","According to the clinical trial flow chart, 81 subjects underwent and completed a baseline angiogram procedure out of the 100 enrolled study subjects. The diagram shows that from the initial 103 subjects who signed consent forms, 100 were enrolled, of which 81 had a baseline angiogram performed while 19 refused to continue (as noted in Table 2). The diagram further divides the 81 subjects with baseline angiograms into two groups: 63 with IVUS and 18 without IVUS (where 'All SVG occluded or diseased' is noted for the latter group).","Based on the clinical trial flow chart information, I can provide you with details about the baseline angiogram procedure:

According to the flow charts in documents 4973.png and 4953.png:
- 103 subjects initially signed consent forms for the study
- 100 subjects were actually enrolled in the drug trial
- Of these 100 enrolled subjects:
  - 81 subjects underwent the baseline angiogram procedure
  - 19 subjects refused to continue in the study (as referenced in Table 2 of the original document)

Of the 81 subjects who had baseline angiograms:
- 63 subjects underwent IVUS (Intravascular Ultrasound)
- 18 subjects did not undergo IVUS because their SVGs (Saphenous Vein Grafts) were either occluded or diseased

To directly answer your question: Out of the 100 study subjects who were enrolled in the drug trial, 81 subjects underwent and completed a baseline angiogram procedure as part of the initial assessment.","Based on the clinical trial flow diagram presented in the image, 81 subjects had a baseline angiogram. The flow chart clearly shows that out of the initial 103 subjects who signed consent forms, 100 were enrolled in the drug study. Of these 100 enrolled subjects, the diagram branches to show that 81 subjects had a baseline angiogram performed, while 19 subjects refused to continue in the study (as noted in Table 2). The diagram further breaks down the 81 subjects with baseline angiograms into two groups: 63 with IVUS and 18 without IVUS (where ""All SVG occluded or diseased"" is noted for the latter group). This hierarchical structure clearly demonstrates that 81% of the enrolled subjects completed the baseline angiogram procedure."
"According to the balance sheet schedules of CIGFIL Limited, Chennai as of March 31, 2004, what percentage of the total raw materials consumed during the current year was sourced indigenously (domestically) as opposed to imported?","According to the balance sheet schedules of CIGFIL Limited, Chennai as of March 31, 2004, 20.77% of the total raw materials consumed during the current year were sourced indigenously (domestically). This represents a value of Rs. 342.04 lakhs. By comparison, imported raw materials constituted 79.23% of the total (valued at Rs. 1,304.95 lakhs). The indigenous material usage was slightly higher than the previous year's figure of 17.15% (valued at Rs. 330.44 lakhs).","I've thoroughly searched through the available documents but haven't been able to find the specific percentage values for indigenous vs. imported raw materials consumed by CIGFIL Limited as of March 31, 2004. 

While document 4752.png is confirmed to be a financial schedule from CIGFIL Limited's balance sheet that contains information about raw materials consumption, including both imported and indigenous sources with percentages expressed in lakhs (a unit in the Indian numbering system equal to 100,000), the exact percentage figures are not provided in the document descriptions available to me.

Based on the information available, I can only confirm that:

1. CIGFIL Limited (Chennai) had a balance sheet dated March 31, 2004, that included schedules showing the breakdown of raw materials.
2. This schedule specified values for both imported and indigenous raw materials consumed.
3. The schedule expressed these values both as percentages and in lakhs (Indian currency denomination).

Without the specific percentage values, I cannot provide the exact percentage of raw materials that were sourced indigenously (domestically) as opposed to imported during the fiscal year ending March 31, 2004.

Would you like me to help you with any other information related to this company or its financial statements?","Based on the financial document from CIGFIL Limited, Chennai, the indigenous raw materials account for 20.77% of the total raw materials consumed during the current year (as of March 31, 2004). This represents a value of Rs. 342.04 lakhs. This is slightly higher than the previous year's indigenous material usage, which was 17.15% (valued at Rs. 330.44 lakhs). The document shows that the company relied more heavily on imported raw materials, which constituted 79.23% of the total (valued at Rs. 1,304.95 lakhs) in the current year, down slightly from 82.85% in the previous year."
"What is the specific brand name mentioned in this material approval form for relationship marketing, and where is it positioned in the document's layout?","The specific brand name mentioned in the material approval form for relationship marketing is 'Eclipse.' It appears in the form under the 'Brand(s)' field in the main content box. The document shows that Eclipse is associated with Program #701998 and Commodity #534962, related to an insert letter for a 'Pink Dot Direct Sell Test Program' that was originated on 8-7-97.","Based on the search results, I found specific information about a material approval form for relationship marketing:

The brand name mentioned in the material approval form is ""Eclipse"" and it's positioned in the main content section of the document. 

The form is for a relationship marketing initiative titled ""Insert Letter - Pink Dot Direct Sell Test Program."" The brand ""Eclipse"" appears to be listed in the form details section, along with program number ""701998"" and commodity number ""534962"". 

The form includes other details such as:
- Originator: Joe A. Leinster (dated 8-7-97)
- Dimensions of the item: 7 5/8 x 5 7/16 (41.5 square inches)
- W/S code: EXH 1-C
- Approval sections for different departments (Purchasing, Legal, Tax, and Brand Management)
- Only Purchasing shows approval with initials ""XXHL"" dated 8/11/97

Is there any other specific information about this form you'd like to know?","The brand mentioned in this document is ""Eclipse."" It appears in the form under the ""Brand(s)"" field in the main content box of this Material Approval form for Relationship Marketing. The document shows that Eclipse is associated with Program #701998 and Commodity #534962. This appears to be related to an insert letter for a ""Pink Dot Direct Sell Test Program"" that was originated by someone on 8-7-97. The Eclipse brand is clearly identified as the primary brand for this marketing material that required formal approval through this documentation process."
"Based on the images from ITC Limited's corporate materials, what specific type of financial documentation is shown in the top-right corner of this composite image that appears to showcase both manufacturing facilities and corporate properties?","The specific type of financial documentation shown in the top-right corner of the composite image is 'ITC Limited REPORT AND ACCOUNTS 2013.' This indicates it's part of ITC Limited's annual financial reporting documentation from 2013. The composite image includes three distinct photographs: the top section shows what appears to be a food or product manufacturing facility, the middle section displays an aerial view of what seems to be a corporate campus, and the bottom section shows a modern architectural rendering or photograph of a contemporary office building.","Based on the information I've found, the top-right corner of the composite image in ITC Limited's corporate materials contains the text ""ITC Limited REPORT AND ACCOUNTS 2013."" This indicates that the image is part of ITC's annual financial report for the fiscal year 2013.

The composite image showcases three main components:

1. The top section displays an industrial setting with food production lines and workers in protective gear monitoring manufacturing operations
2. The middle section shows an aerial view of an expansive architectural complex, likely representing planned or existing ITC infrastructure
3. The bottom section features a modern multi-story building with distinctive architectural design elements, presumably representing ITC's corporate offices

The ""REPORT AND ACCOUNTS 2013"" text identifies this as part of ITC's formal annual financial documentation, which typically includes financial statements, directors' reports, and corporate performance information for shareholders and regulatory compliance.

Is there anything specific about this financial report or ITC's corporate facilities that you'd like to know more about?","The image clearly shows ""ITC Limited REPORT AND ACCOUNTS 2013"" in the top-right corner of the uppermost photograph. This indicates this is part of ITC Limited's annual financial reporting documentation from 2013. The document appears to be structured as a visual corporate report featuring multiple aspects of the company's operations. 

The composite image includes three distinct photographs: the top section shows what appears to be a food or product manufacturing facility with processing equipment and conveyor belts containing white materials; the middle section displays an aerial view of what seems to be a corporate campus or facility complex; and the bottom section shows a modern architectural rendering or photograph of what appears to be a contemporary office building. 

This format is typical of annual reports that combine financial statements with visual representations of the company's facilities, operations, and assets to provide stakeholders with both quantitative financial data and qualitative information about the company's physical presence and activities."
"According to this dental health information document from Coca-Cola, what nutritional approach is recommended as the key to maintaining a balanced diet and promoting overall good health, especially in the context of preventing tooth decay?","According to the dental health information document from Coca-Cola, the key to maintaining a balanced diet and promoting overall good health is 'Eating many different kinds of foods from all the basic food groups. Eating many different kinds of foods in moderate amounts is the key to a balanced diet and promotes general good health.' The document appears to be an educational pamphlet from The Coca-Cola Company's Consumer Information Center discussing the relationship between soft drinks, diet, and dental health.","Based on the information from Coca-Cola's dental health document, I can provide you with their recommended nutritional approach for maintaining good dental health and preventing tooth decay.

According to the document (369.png), the key nutritional approach recommended is a balanced diet with proper meal timing. The document emphasizes several important guidelines:

1. **Regular, balanced meals**: The document stresses the importance of consuming balanced meals at regular intervals rather than frequent snacking.

2. **Limited sugary snacks**: It specifically recommends limiting the consumption of sugary foods and beverages between meals.

3. **Regular dental visits**: The document highlights the importance of regular dental check-ups as part of an overall health maintenance strategy.

4. **Understanding the role of saliva**: The information explains that saliva serves as a natural protector for teeth, and regular meal patterns help maintain proper saliva production and function.

The Coca-Cola document takes a holistic approach to dental health, noting that overall dietary patterns are more important than occasional consumption of specific foods or beverages. It emphasizes that tooth decay prevention requires a comprehensive approach to nutrition where regular, balanced meals form the foundation of good dental and overall health.

Would you like me to provide more specific details about any particular aspect of their dental health recommendations?","Based on the information visible in this document about soft drinks and dental health, the key to a balanced diet and good health is ""Eating many different kinds of foods from all the basic food groups. Eating many different kinds of foods in moderate amounts is the key to a balanced diet and promotes general good health.""

The document appears to be an educational pamphlet or information sheet from The Coca-Cola Company's Consumer Information Center that discusses the relationship between soft drinks, diet, and dental health. It emphasizes that variety and moderation in food choices contribute to overall health, while also providing guidelines for reducing tooth decay risk, including regular dental visits, proper oral hygiene with fluoride products, limiting sticky carbohydrates, and rinsing the mouth after eating when brushing isn't possible. This nutritional recommendation appears as part of a broader discussion about preventing tooth decay and maintaining dental health."
"Based on the product development information shown in this B&W tobacco company slide about KOOL 100 cigarettes, what specific percentage of menthol content is mentioned in the implementation details of the KOOL \""C\ variant?""","According to the B&W tobacco company slide about KOOL 100 cigarettes, the KOOL 'C' product variant was implemented in October 1994 with a menthol content of 0.57%. This specific percentage appears in the 'Status' section of the slide, which states 'KOOL 'C' With 0.57% Menthol And 17% Vent Was Implemented October 1994.' The slide indicates that KOOL 'C' was formulated to provide 'more and better menthol taste' compared to competing products, according to consumer testing results.","Based on the information I found, the specific implementation details for the KOOL ""C"" product variant mention that it contained 0.57% menthol content. This information appears in the ""Status"" section of a B&W presentation slide about KOOL 100 cigarettes.

The document also indicates that the KOOL ""C"" variant was implemented with 17% vent in October 1994. According to the testing results mentioned in the slide, KOOL ""C"" was found to be superior to Newport 100 with a 94% confidence level and was at parity with the current KOOL 100 among smokers. The testing also revealed that smokers found KOOL ""C"" to have a better menthol taste.

This information appears to be from a product development presentation that outlined the objective, consumer preference testing (CPT) results, and implementation status of the KOOL 100 cigarette product improvements.","According to the document, KOOL ""C"" was implemented in October 1994 with a menthol content of 0.57%. This specific percentage appears in the ""Status"" section of the slide, where it states ""KOOL 'C' With 0.57% Menthol And 17% Vent Was Implemented October 1994."" The document is a corporate presentation slide from B&W (Brown & Williamson Tobacco Corporation) detailing the development of their KOOL 100 cigarette product, specifically focusing on a variant called KOOL ""C"" that was designed to compete with Newport 100 cigarettes. The slide indicates that KOOL ""C"" was formulated to provide ""more and better menthol taste"" compared to competing products, according to consumer testing results."
"Looking at this ITC Limited Report and Accounts page from 2013 showcasing various brand advertisements, what is the name of the fashion wear or clothing brand being advertised in the bottom section of the page that appears to feature lifestyle fashion marketing?","The fashion brand advertised in the bottom section of the ITC Limited Report and Accounts page from 2013 is 'Wills Lifestyle,' as clearly indicated by the 'WILLS LIFESTYLE' text appearing in the bottom right portion of the page. This brand is featured among several other ITC products in what appears to be a portfolio page titled 'ITC's Brands: An Asset for the Nation.' The Wills Lifestyle advertisement shows what appears to be a stylish fashion photograph with the brand name prominently displayed.","Based on the search results, I found information about ITC Limited's 2013 Report and Accounts that showcases various brand advertisements, including fashion brands.

From the information, I can see that ""Wills Lifestyle"" is the fashion/clothing brand being advertised in the bottom section of the page. This is mentioned in one of the search results describing ITC's brand displays in their 2013 report, which includes advertisements for various ITC brands such as Aashirvaad Atta, Fiama Di Wills, Dark Fantasy Choco Fills, Bingo! snacks, Vivel skincare, and Wills Lifestyle fashion.

Additionally, in another document from 2011-2012, there's mention of ""Wendell Rodricks Now At Wills Lifestyle"" which indicates a collaboration between Indian designer Wendell Rodricks and the Wills Lifestyle brand. There's also mention of ""Wills Classic Wonderpress Shirts"" and ""John Players Jeans"" in the same promotional material, suggesting these are part of ITC's fashion offerings.

Is there anything specific about the Wills Lifestyle brand that you'd like to know more about?","The fashion brand advertised in the image is ""Wills Lifestyle,"" as clearly indicated by the ""WILLS LIFESTYLE"" text appearing in the bottom right portion of the page. This brand is featured among several other ITC products in what appears to be a portfolio page titled ""ITC's Brands: An Asset for the Nation."" The Wills Lifestyle advertisement shows what appears to be a stylish fashion photograph with the brand name prominently displayed. This is consistent with ITC's diverse brand portfolio which, according to the accompanying text, includes various FMCG (Fast-Moving Consumer Goods) businesses that are described as ""the fastest growing among the top consumer goods companies operating in India."" The document presents Wills Lifestyle as one of ITC's ""celebrated Indian brands"" that contribute to both economic and societal value."
"According to the footnotes at the bottom of this Methods Development Two-Year Project Plan (Appendix IIA), what does the letter ""C"" stand for when it appears as a prefix in the project listings, as indicated in the document's legend?","Based on the document shown in the image, the letter 'C' stands for 'Current' as explicitly stated in the footnotes at the bottom of the project plan table. This is indicated in the legend where it notes '* C = Current'. This designation appears to mark ongoing or active projects in the list, as opposed to other designations such as 'V' which is defined as 'Validation' in the same footnotes section.","Based on the documents I've reviewed, I can answer your question about the Methods Development Two-Year Project Plan.

According to the information found in Appendix IIA of the Methods Development Two-Year Project Plan, the letter ""C"" that appears as a prefix in the project listings stands for ""Current"" as indicated in the document's legend.

This is specifically mentioned in document 245.png, which describes Appendix IIA and notes that there's ""a legend indicating the meanings of symbols such as 'V' for Validation and 'C' for Current.""

The ""C"" prefix therefore identifies projects that are currently in progress or active within the research and development (R&D) department's project portfolio.","Based on the document shown in the image, the letter ""C"" stands for ""Current"" as explicitly stated in the footnotes at the bottom of the project plan table. This is indicated in the legend where it notes ""* C = Current"". This designation appears to mark ongoing or active projects in the list, as opposed to other designations such as ""V"" which is defined as ""Validation"" in the same footnotes section. Several projects in the list are prefixed with ""(C)"" such as item #11 ""HPLC For Licorice On Wet Snuff"", indicating these are current projects within this tobacco research methods development plan. The document appears to be a comprehensive two-year project plan listing 55 different tobacco-related research initiatives with their respective priorities, durations, and project leaders."
"According to this Response Code Request Form for the Winston brand tobacco promotion, which marketing professional is identified as the person who officially requested the response code Z37 for the ""JM Smoker-Get-A-Smoker Name Generation Card"" project?","Based on the information visible in the Response Code Request Form, Cressida Lozano is clearly identified as the person who requested the response code Z37. This is explicitly stated in the dedicated field labeled 'Response Code Requested By:' near the bottom of the form. Cressida Lozano also appears to be the Marketing Person Responsible for the Project, as indicated in another field on the form.","Based on the information retrieved about the Response Code Request Form for the Winston brand tobacco promotion campaign ""MM Smoker-Get-A-Smoker Name Generation Card,"" I can see that the form includes details about the project with the response code Z37.

According to the document, the marketing professional identified as the person who requested this response code was **Cressida Lozano**. The document shows that she was responsible for the project that involved distributing 126,000 units through direct mail, with a mailout date of 08/25/97 and an expiration date of 12/31/97.

The form was part of an RJR program (number 700422) for the Winston brand, and it included other contacts such as Bonnie Tucker and Paula Carter, but Cressida Lozano appears to be the main requestor associated with this specific marketing campaign.","Based on the information visible in this Response Code Request Form, Cressida Lozano is clearly identified as the person who requested the response code. This is explicitly stated in the dedicated field labeled ""Response Code Requested By:"" near the bottom of the form. Cressida Lozano also appears to be the Marketing Person Responsible for the Project, as indicated in another field on the form. The document shows this is for a Winston brand smoker referral program with response code Z37, scheduled for distribution on 8/25/97 with an expiration date of 12/31/97. The form includes details about distribution quantity (126,000), expected response rate (5%), and various other technical specifications for the direct mail campaign."
"According to the progress report document shown in the image, which contains information about medical conferences related to trimegestone research, in what specific year is the ""Plenary Session on Menopause"" scheduled to take place in Prague?","Based on the progress report document, the 'Plenary Session on Menopause' is scheduled to be held in Prague in 1999. This is clearly indicated in the document under the section header 'PLENARY SESSION ON MENOPAUSE PRAGUE 1999.' The document shows this is part of a progress report for client Hoechst Marion Roussel/Wyeth-Ayerst regarding trimegestone research.","Based on the information from the progress report document, I can answer your question:

The ""Plenary Session on Menopause"" is scheduled to take place in Prague in 1999.

The document shows a progress report focused on menopause research and trimegestone effects. It outlines planned activities and presentations, specifically mentioning a plenary session in Prague, 1999, where a highlights report is planned. This session will center on Dr. Al-Azzawi's research about trimegestone's preclinical profile and its effects on the endometrium, with additional data to be provided by Peter Miller.

The report also mentions future abstracts by Dr. Al-Azzawi on topics such as uterine bleeding patterns, lipoprotein profiles in trimegestone-based hormone replacement therapy (HRT), and structural abnormalities in the uterine cavity.

Additionally, the document lists other conferences where the research will be presented in 2000, including the European Menopause Congress in Copenhagen, the International Federation of Gynecology and Obstetrics (FIGO) conference in Washington, and a symposium on Gynecological Endocrinology in Florence.","Based on the progress report document, the ""Plenary Session on Menopause"" is scheduled to be held in Prague in 1999. This is clearly indicated in the document under the section header ""PLENARY SESSION ON MENOPAUSE PRAGUE 1999."" The document also mentions that a highlights report is planned from this session, based mainly on a presentation about the preclinical profile of trimegestone and its effect on the endometrium. The document appears to be a confidential progress report for client Hoechst Marion Roussel/Wyeth-Ayerst regarding various medical conferences and presentations related to trimegestone research, with additional conferences planned for 2000 in Copenhagen, Washington, and Florence."
"According to the technical report document shown in the image, what specific proprietary technology is mentioned in the James River patent specification that has been requested, and what is the subject matter of this patent as described in the ""PM Web"" section?","Based on the document, the patent specification from James River describes their proprietary cellulose acetate web technology. The document states specifically that 'The patent specification from James River describing their proprietary cellulose acetate web has been requested and will be sent.' This appears in the 'PM Web' section of what seems to be a technical or research progress report.","Based on the information retrieved from the knowledge base, I can provide an answer to your question about the James River patent specification and the PM Web section mentioned in the technical report.

According to document 256.png, which appears to be a page from a technical report discussing research and development efforts in paper manufacturing:

1. **Proprietary Technology in James River Patent Specification**: The document mentions a patent specification request from James River, but does not explicitly detail what specific proprietary technology is contained in this patent specification. The document only indicates that there was a request for this patent specification, suggesting it was being reviewed or considered by the organization that produced the report.

2. **Subject Matter in PM Web Section**: In the ""PM Web"" section of the document, the subject matter described relates to collaboration with a Forest Products Laboratory in Madison. Specifically, this collaboration was intended for projects focused on cellulose webs and pulps. This suggests that the PM Web section was discussing research initiatives related to cellulose-based materials and their applications in paper manufacturing.

The document appears to be part of a broader technical report that covers various aspects of material and process optimization in paper manufacturing, including mechanistic studies of magnesium-containing papers and methods to improve paper quality through different cellulose slurry techniques.

Would you like me to search for any additional details about this patent specification or the PM Web section?","Based on the document, the patent specification from James River describes their proprietary cellulose acetate web technology. The document states specifically that ""The patent specification from James River describing their proprietary cellulose acetate web has been requested and will be sent."" This appears in the ""PM Web"" section of what seems to be a technical or research progress report. The document further indicates collaborative efforts in this field, noting that a Forest Products Laboratory in Madison, Wisconsin with expertise in cellulose web acetylation has been located and may become a potential research partner. This suggests that the cellulose acetate web technology has significance in paper manufacturing or related processes, fitting within the broader context of the document which discusses various paper production experiments including drainage times, magnesium carbonate fillers, and the ""daubing dandy"" trials at the University of Maine."
"According to the article about GM food labeling that appears to be from an industry publication, who is identified as the Robert Walmsley university professor at Harvard Law School who has also served as an administrator in the White House?","Based on the image, Cass R. Sunstein is identified as the Robert Walmsley university professor at Harvard Law School. The document provides additional context about him, noting that he is a Bloomberg View columnist and previously served as the administrator of the White House Office of Information and Regulatory Affairs.","After searching through the available documents, I wasn't able to find specific information about document 431.png which appears to contain content about GM food labeling and a Harvard professor who served in the White House. 

Based on your question, you're looking for information about an article discussing GM (genetically modified) food labeling, where someone is identified as the Robert Walmsley university professor at Harvard Law School who also served as an administrator in the White House.

While I couldn't retrieve the specific document (431.png) in question, I can tell you that Cass R. Sunstein is the Robert Walmsley University Professor at Harvard Law School who has also served in the White House as the Administrator of the Office of Information and Regulatory Affairs during the Obama administration. He is known for writing about various regulatory issues, including food labeling.

I apologize that I couldn't locate the exact document you were referring to in the project knowledge base. If you have additional details about the document or would like me to search for other related information, please let me know.","Based on the image, Cass R. Sunstein is identified as the Robert Walmsley university professor at Harvard Law School. The document provides additional context about him, noting that he is a Bloomberg View columnist and previously served as the administrator of the White House Office of Information and Regulatory Affairs. He is also mentioned as the co-author of ""Nudge"" and author of ""Simpler: The Future of Government."" The article includes a parenthetical note indicating that the opinions expressed in the text are his own. This information appears in what seems to be an article discussing genetically modified (GM) food labeling requirements, with a PepsiCo advertisement showing their product portfolio at the bottom of the page."
"According to the B&W Consumer Dynamics report for KOOL comparing 1994 versus 1995, what percentage of customers were lost due to switching to other brands in 1995, and how does this compare to the previous year's switching losses?","Based on the B&W Consumer Dynamics report for KOOL shown in the image, the Rate of Switching Losses in 1995 was 10.3%. This represents a significant improvement from 1994, when the switching loss rate was 14.1% - a decrease of 3.8 percentage points. The document appears to be tracking customer loyalty metrics for the KOOL brand.","Based on the information from the B&W Consumer Dynamics report comparing KOOL's performance between 1994 and 1995, I can provide you with the specific details about switching losses:

### KOOL Switching Losses Comparison

In 1995, KOOL experienced switching losses of **10.3%**, which means 10.3% of their customers were lost due to switching to other brands during that year.

This represents a significant improvement compared to 1994, when the switching losses were **14.1%**.

### Other Consumer Dynamics Metrics (1994 vs. 1995)

For additional context, the report also shows:

- **Franchise Retention**: Improved from 80.7% in 1994 to 83.6% in 1995
- **Single Brand Users**: Increased from 75.7% to 78.2%

This data indicates that KOOL was able to reduce customer losses to competitors by 3.8 percentage points (from 14.1% to 10.3%) while simultaneously improving overall franchise retention and single brand loyalty during this period.

Would you like more information about any of the other metrics mentioned in the report, such as quitting losses or industry switchers gained?","Based on the B&W Consumer Dynamics report for KOOL shown in the image, the Rate of Switching Losses in 1995 was 10.3%. This represents a significant improvement from 1994, when the switching loss rate was 14.1% - a decrease of 3.8 percentage points. This positive trend is also reflected in the overall Retention of Franchise metric, which improved from 80.7% in 1994 to 83.6% in 1995. The document appears to be tracking customer loyalty metrics for the KOOL brand, showing that while switching losses decreased, quitting losses slightly increased from 5.3% to 6.1% during the same period. The source of this data is listed as USMM at the bottom of the report."
"According to the fax cover sheet from DesignWrite Incorporated that was sent in January 2005, what specific time is indicated in the document, and in which time zone was this communication sent?","Based on the fax document visible in the image, the time mentioned is 8:45 EST (Eastern Standard Time). This information appears in the header section of the fax cover sheet from DesignWrite Incorporated, specifically in the 'Time:' field, which is located on the right side of the document adjacent to the date entry (January 19, 2005).","Based on the information I've gathered from the documents, I can provide the following answer:

After reviewing the document from January 19, 2005, sent by Bernadette G. Janas, PhD from DesignWrite to Alice Conti at Wyeth-Ayerst Pharmaceuticals, I don't see any specific time of day or timezone information mentioned in the fax cover sheet. The document is dated January 19, 2005, and is marked with high importance urging immediate delivery, but the exact time of transmission and the timezone are not specified in the available information.

The document was a fax cover sheet outlining an attached overview of an expert forum on breast health and hormone replacement therapy (HRT), but the specific time of day and timezone details do not appear to be included in the document contents that I can access.

Is there something specific about this document that you're looking for? I'd be happy to search for other details if needed.","Based on the fax document visible in the image, the time mentioned is 8:45 EST (Eastern Standard Time). This information appears in the header section of the fax cover sheet from DesignWrite Incorporated, specifically in the ""Time:"" field, which is located on the right side of the document adjacent to the date entry (January 19, 2005). The fax appears to be a professional communication regarding an expert forum on breast health and HRT (Hormone Replacement Therapy), sent from Bernadette G. Janas, PhD to Alice Conti at Wyeth-Ayerst Pharmaceuticals. The time stamp indicates this was a morning communication, which might be relevant to understanding the business context of this professional correspondence."
"According to the DesignWrite contract document shown in the image, what was the specific date when Carol A. Tozzi, Ph.D. formally accepted the writing assignment as indicated in the ""ASSIGNMENT ACCEPTED BY"" section at the bottom of the form?","Based on the document shown in the image, Carol A. Tozzi, Ph.D. accepted the assignment on July 26, 2000, as clearly indicated in the 'ASSIGNMENT ACCEPTED BY' section at the bottom of the form. The document is a confidential contract from DesignWrite outlining terms for manuscript preparation.","After searching for the information, I'm able to piece together the details from document 5238.png, which is a Project Assignment and Confidentiality Agreement from DesignWrite. According to the document summary:

Based on the available information, Carol A. Tozzi, Ph.D. formally accepted the writing assignment on **July 26, 2000**, as indicated in the ""ASSIGNMENT ACCEPTED BY"" section at the bottom of the DesignWrite contract document (5238.png).

The document also included details about the confidentiality agreement, payment structure (which was $3,500), formatting requirements using Word 97, and reference citation guidance, all of which were part of this professional contract for manuscript preparation.","Based on the document shown in the image, Carol A. Tozzi, Ph.D. accepted the assignment on July 26, 2000, as clearly indicated in the ""ASSIGNMENT ACCEPTED BY"" section at the bottom of the form. This date appears to precede the ""DATE ASSIGNED"" (January 18, 2005), which suggests this could be a renewal or amendment of an earlier agreement. The document is a confidential contract from DesignWrite outlining terms for manuscript preparation, with purchase order number 3973, and specifies a writer's fee of $3,500 with a structured payment schedule. The document includes detailed formatting requirements for manuscript submission to biomedical journals."
"According to the ITC Report on Corporate Governance for 2013 shown in this image, what was the number of members present at the Sustainability Committee meeting that took place on 5th April, 2012, as indicated in the attendance table on the right side of the document?","Based on the corporate governance report visible in the image, the Sustainability Committee meeting held on 5th April, 2012 had 6 members present. This information is clearly displayed in the 'Meetings and Attendance' section on the right side of the document, specifically in the table showing meeting details for the financial year ended 31st March, 2013.","Based on my search of the available documents, I can see that there are references to the ITC Report and Accounts 2013 which includes information about committee meetings and attendance. However, I don't have the specific details about the number of members present at the Sustainability Committee meeting that took place on April 5, 2012.

The documents I've found mention that there are attendance tables for both the Nomination Committee and Sustainability Committee meetings in the report, showing the dates of meetings and the strength of each meeting. However, the exact number of members present at the specific April 5, 2012 Sustainability Committee meeting is not clearly provided in the information I have access to.

To get this specific information, you would need to look at the attendance table on the right side of document 4751.png from the ITC Report and Accounts 2013, which should show the meeting dates and attendance numbers for the Sustainability Committee meetings during that financial year.

Would you like me to try a different search approach to find this specific information?","Based on the corporate governance report visible in the image, the Sustainability Committee meeting held on 5th April, 2012 had 6 members present. This information is clearly displayed in the ""Meetings and Attendance"" section on the right side of the document, specifically in the table showing meeting details for the financial year ended 31st March, 2013. According to this table, the first meeting (Sl. No. 1) was held on 5th April, 2012, with a Committee Strength of 6 and the Number of Members present also being 6, indicating full attendance at that particular meeting. The document appears to be from ITC's Report and Accounts 2013, as noted at the bottom of page 22."
"According to the pie chart titled ""Chemical Compounds Found In Cigarettes (First Response)"" shown in this image, what percentage of survey respondents indicated they were ""Not At All Concerned"" about chemical compounds in cigarettes?","Based on the pie chart displayed in the image, 32.7% of respondents indicated they were 'Not At All Concerned' about chemical compounds found in cigarettes. This represents the second-largest segment of the pie chart, following the 34.3% who reported being 'Somewhat Concerned.'","Based on the information I found, I can answer your question about the pie chart titled ""Chemical Compounds Found In Cigarettes (First Response)"".

According to the pie chart, 32.7% of survey respondents indicated they were ""Not At All Concerned"" about chemical compounds in cigarettes.

The complete breakdown of the survey responses in the pie chart shows:
- Not At All Concerned: 32.7%
- Somewhat Concerned: 34.3%
- Very Concerned: 19.1%
- Extremely Concerned: 12.3%
- Don't Know: 1.6%

This chart appears to be visualizing public awareness and varying levels of concern regarding the health implications of chemical compounds found in cigarettes.","Based on the pie chart displayed in the image, 32.7% of respondents indicated they were ""Not At All Concerned"" about chemical compounds found in cigarettes. This represents the second-largest segment of the pie chart, following the 34.3% who reported being ""Somewhat Concerned."" The chart also shows that 19.1% were ""Very Concerned,"" 12.3% were ""Extremely Concerned,"" and a small segment of 1.6% responded ""Don't Know."" This appears to be data from a survey measuring public concern levels regarding chemical compounds in cigarette products, possibly from around 1992 based on the notation at the bottom of the image."
"According to the EAGAR subject flow diagram, why were 3 participants excluded from the initial 103 subjects who signed consent forms, leaving only 100 enrolled in the drug study?","Based on the flow chart diagram titled 'EAGAR subject flow,' 3 subjects were excluded due to 'Protocol violation' as explicitly stated in the right branch after the consent stage. The diagram shows a total of 103 subjects initially signed consent forms, but only 100 were enrolled in the drug study.","Based on the EAGAR study flow diagram, I can answer your question about the 3 excluded participants.

According to the flow diagram, out of the initial 103 subjects who signed consent forms, 3 were excluded due to ""Protocol violation"" before the enrollment phase, leaving 100 subjects enrolled in the drug study.

The flow diagram specifically indicates that these protocol violations are detailed in ""Table 1"" of the study documentation, though the specific nature of these violations is not provided in the flowchart itself. The flowchart only mentions that these were protocol breaches that necessitated the exclusion of these 3 participants before the drug study could proceed with the remaining 100 enrolled subjects.

After enrollment, the study continued with further classifications of participants, including 81 subjects with baseline angiograms (of which 63 underwent IVUS and 18 did not due to occluded or diseased SVG), and 19 additional subjects who refused to continue in the study (referenced in Table 2).

Would you like me to try to find more specific information about what constituted the protocol violations that led to these 3 exclusions?","Based on the flow chart diagram titled ""EAGAR subject flow,"" 3 subjects were excluded due to ""Protocol violation"" as explicitly stated in the right branch after the consent stage. The diagram shows a total of 103 subjects initially signed consent forms, but only 100 were enrolled in the drug study. The 3 excluded subjects are specifically categorized under ""Protocol violation"" in a box labeled ""N=3 (Table 1),"" suggesting that details about these violations are documented in Table 1 of the source document. Protocol violations typically refer to deviations from the approved study procedures or inclusion/exclusion criteria that make subjects ineligible to continue in the clinical trial. This information is clearly presented in the hierarchical flow diagram showing subject progression through the EAGAR study."
"According to the journal article page shown in this image from the Journal of the Air Pollution Control Association, what is the title of the scholarly work authored by G. A. Lloyd that was published in 1961 and later digitized online in 2012?","The title of G. A. Lloyd's article is 'The Petroleum Industries' Air Pollution Control Program.' This article appears in the Journal of the Air Pollution Control Association (ISSN: 0002-2470), volume 11, issue 1, pages 6-44. The article was originally published in 1961, but was digitized and published online on March 19, 2012.","Based on the information I found, the article authored by G. A. Lloyd that was published in 1961 and later digitized online in 2012 is titled:

""The Petroleum Industries' Air Pollution Control Program""

This article was published in the Journal of the Air Pollution Control Association and was made available online on March 19, 2012. The document includes the journal's ISSN and DOI information for citation purposes, and was published by Taylor & Francis as part of academic literature addressing air pollution control efforts by the petroleum industry.

Is there anything specific about this article you'd like to know more about?","The title of G. A. Lloyd's article is ""The Petroleum Industries' Air Pollution Control Program."" This article appears in the Journal of the Air Pollution Control Association (ISSN: 0002-2470), volume 11, issue 1, pages 6-44. The article was originally published in 1961, but was digitized and published online on March 19, 2012. According to the citation information provided in the image, the article has a DOI of 10.1080/00022470.1961.10467967 and had received 153 views at the time this screenshot was taken. The image shows the title page of the article as it appears in the Taylor & Francis online journal database."
"Looking at this R.J. Reynolds Tobacco Co. invoice document from 1997, what specific quantity is listed in the ""Volume"" field that appears in the boxed section near the top of the form, just below the ""YA Job Quote/Invoice"" heading?","According to the invoice document, the Volume amount specified is 21,480. This appears in a boxed section in the upper portion of the document, where 'Volume:' is listed on the left side of the box with '21,480' as its corresponding value. This same figure (21,480) also appears as the 'Orders:' value immediately below it in the same box.","Based on my searches, I can see that document 5545.png appears to be the R.J. Reynolds Tobacco Co. invoice from 1997 that you're referring to. While I can see that it's a job quote/invoice dated April 24, 1997, for the billing period of March 29, 1997, to April 4, 1997, I don't have the specific detail about what quantity appears in the ""Volume"" field in the boxed section near the top of the form.

Unfortunately, the information available doesn't provide the exact volume quantity that appears in that specific field of the document. The description mentions that the invoice contains comprehensive details about services, prices, quantities, and costs, but doesn't specifically state what value appears in the ""Volume"" field you're asking about.

Without being able to view the actual document image directly, I cannot determine the specific quantity listed in the ""Volume"" field in the boxed section below the ""YA Job Quote/Invoice"" heading. Would you be able to provide that information, or would you like me to try a different approach to locate this specific detail?","According to the invoice document, the Volume amount specified is 21,480. This appears in a boxed section in the upper portion of the document, where ""Volume:"" is listed on the left side of the box with ""21,480"" as its corresponding value. Interestingly, this same figure (21,480) also appears as the ""Orders:"" value immediately below it in the same box. This volume number also appears multiple times throughout the support services breakdown in the detailed invoice table, particularly for line items related to order processing, such as ""Transmissions to Third Party"" and ""Smoker Data Base Processing (orders),"" suggesting it represents the total number of orders or transactions being billed during the specified period of 03/29/97 - 04/04/97."
"According to this Philip Morris internal memo from 1990 regarding NNK (4-(methylnitrosoamino)-1-(3-pyridyl)-1-butanone), what specific concentration levels of this tobacco-specific nitrosamine were measured in burley tobacco genotypes during the 1981 study when no nitrogen fertilization was applied?","According to the Philip Morris inter-office correspondence dated May 24, 1990, when NNK levels were measured in several burley genotypes in 1981 under conditions where no nitrogen fertilization was applied, the levels ranged from 0.05 to 0.23 ppm. The document further notes that in 1982, when nitrogen fertilizer was applied to these same tobacco types, the NNK levels increased significantly, ranging from 0.08 to 0.71 ppm.","Based on my searches, I have gathered information about the Philip Morris memo from May 24, 1990, sent from Martha Smith to Richard Carchman regarding NNK (4-(methylnitrosamino)-1-(3-pyridyl)-1-butanone). However, I haven't been able to retrieve the specific concentration levels of NNK in burley tobacco genotypes from the 1981 study with no nitrogen fertilization that you're asking about.

The documents I've accessed contain general information about the memo's existence and some context about NNK as a tobacco-specific nitrosamine, its formation during tobacco curing, and its carcinogenic properties. The memo apparently discusses how environmental factors and agricultural practices like air-curing and fertilization impact NNK levels in tobacco.

Unfortunately, the specific numerical data you're looking for about the concentration levels in burley tobacco genotypes under no nitrogen fertilization conditions from the 1981 study isn't available in the document summaries I've retrieved. 

Is there perhaps another way you'd like me to approach this search, or is there additional information I can help you with regarding NNK in tobacco products?","According to the Philip Morris inter-office correspondence dated May 24, 1990, when NNK levels were measured in several burley genotypes in 1981 under conditions where no nitrogen fertilization was applied, the levels ranged from 0.05 to 0.23 ppm. The document further notes that in 1982, when nitrogen fertilizer was applied to these same tobacco types, the NNK levels increased significantly, ranging from 0.08 to 0.71 ppm. This information appears in the lower portion of this internal memo, which extensively discusses NNK as a tobacco-specific nitrosamine formed during tobacco curing and smoking processes. The memo also indicates that burley tobacco generally contains higher levels of NNK than other tobacco types, and that air-curing under hot, humid conditions increases the amounts of this carcinogenic compound."
"According to Table 3 which shows the effect of terminating irrigation at different dates on sugar beet production, what was the percentage of sucrose content in sugar beets when irrigation was terminated on September 1 (Treatment No. 9)?","Based on the data presented in Table 3, when irrigation was terminated on September 1 (Treatment No. 9), the sugar beets had a sucrose content of 18.40%. This treatment received 9 irrigations total before termination and yielded 20.3 tons of roots per acre with a gross sugar production of 7478 pounds per acre.","Based on my searches, I can see that document 1761.png contains Table 3 which shows ""The Effect of Terminating Irrigation at Several Dates Late in the Season on the Yield of Roots, Percent Sucrose and Gross Sugar Production of Sugar Beets."" However, I haven't been able to retrieve the specific data value you're looking for - the percentage of sucrose content for Treatment No. 9 when irrigation was terminated on September 1.

The knowledge base searches have identified the existence of this table, but the specific data points from the table are not fully accessible in my search results. I can see that the table includes columns for treatment number, date of irrigation termination, number of irrigations, yield of roots, percent sucrose, and gross sugar production, but the actual values for Treatment No. 9 are not provided in the search results.

Without the complete data from the table, I cannot provide the exact percentage of sucrose content for Treatment No. 9. If you have access to the original document or can provide the data value directly, I would be happy to discuss the implications of that information further.","Based on the data presented in Table 3, when irrigation was terminated on September 1 (Treatment No. 9), the sugar beets had a sucrose content of 18.40%. This treatment received 9 irrigations total before termination and yielded 20.3 tons of roots per acre with a gross sugar production of 7478 pounds per acre. This particular treatment shows an interesting balance between irrigation timing and sugar content, as the data indicates that earlier termination dates (such as August 10) resulted in slightly higher sucrose percentages (18.81%), while later termination (September 11) showed lower sucrose content (18.19%). The table notes that these differences in sucrose content are statistically significant at both the 5% level (0.33) and the 1% level (0.44)."
"According to the 1970 soft drink industry market concentration data shown on this document page, which soft drink company held the smallest percentage of total soft drink sales among the eight major companies that collectively accounted for 84.1% of the market?","According to the market concentration data presented in this document, Cott Corp. had the lowest sales percentage at 2.4% of total soft drink sales in 1970. This places Cott Corp. at the bottom of the eight major companies listed, which together controlled 84.1% of the soft drink market. For comparison, the document shows that Coca-Cola Company dominated with 42.2%, followed by PepsiCo at 16.6%, while other competitors like Dr. Pepper (3.5%), Beverage International Inc. (3.4%), Royal Crown Cola Co. (6.6%), Canada Dry Corp. (3.3%), and The Seven-Up Co. (6.1%) all maintained larger market shares than Cott Corp.","Based on my searches of the project knowledge base, I've found document 361.png which mentions the soft drink industry market concentration data from 1970. It states that eight companies dominated 84.1% of the soft drink sales in 1970, and specifically mentions that Coca-Cola and PepsiCo were among these companies.

However, the document summary I have access to doesn't list all eight companies individually or provide their specific market share percentages. Without this detailed breakdown, I cannot determine which of the eight major companies held the smallest percentage of total soft drink sales in 1970.

The document only indicates that:
- Eight companies collectively accounted for 84.1% of the market
- Coca-Cola and PepsiCo were among these companies
- The data is from 1970
- The source is cited as Advertising Age and the FTC Joint Statement

I would need access to the complete content of document 361.png with the detailed market share breakdown to identify the company with the smallest percentage.

Would you like me to try a different approach to find this information, or do you have additional details about the document that might help answer your question?","Based on the market concentration data presented in section II.A.1 of this document about the soft drink industry, Cott Corp. had the lowest sales percentage at 2.4% of total soft drink sales in 1970. This places Cott Corp. at the bottom of the eight major companies listed, which together controlled 84.1% of the soft drink market. For comparison, the document shows that Coca-Cola Company dominated with 42.2%, followed by PepsiCo at 16.6%, while other competitors like Dr. Pepper (3.5%), Beverage International Inc. (3.4%), Royal Crown Cola Co. (6.6%), Canada Dry Corp. (3.3%), and The Seven-Up Co. (6.1%) all maintained larger market shares than Cott Corp. This information appears in what seems to be an industry analysis document from the early 1970s, which also discusses soft drink consumption patterns and industry growth projections."
"Looking at this tobacco industry document about nicotine research, what is the first category or classification listed under the \""DRIVING SCIENCE/TECHNOLOGIES\"" section of this strategic planning document?","Based on the tobacco industry document about nicotine research, the first subheading under the \""DRIVING SCIENCE/TECHNOLOGIES\"" section is \""EXISTING\"". This appears in the left column of a three-column structure that organizes different aspects of driving science and technologies. The \""EXISTING\"" category lists several items including \""DFC\","Based on my research using the Project Knowledge Base, I've found information about a strategic planning document related to nicotine research, specifically document 249.png titled ""1991 Nicotine RSM Research and Development Overview."" 

According to the available information, this document contains a section labeled ""DRIVING SCIENCE/TECHNOLOGIES"" which outlines existing, developing, and needed technologies and processes. While the document mentions ""SULT products"" and ""extraction processes"" among the technologies listed, the specific information about which one is listed first in this section is not explicitly provided in the search results.

Without being able to see the exact order of items in the ""DRIVING SCIENCE/TECHNOLOGIES"" section of the document, I cannot definitively state which category or classification is listed first. The search results indicate that SULT products and extraction processes are mentioned in this section, but their exact ordering isn't specified in the information available to me.

Would you like me to try another search approach to find this specific information, or would you prefer information about other aspects of the nicotine research document?","Based on the document image, the first subheading under ""DRIVING SCIENCE/TECHNOLOGIES"" is ""EXISTING"". This appears in the left column of a three-column structure that organizes different aspects of driving science and technologies. The ""EXISTING"" category lists several items including ""DFC"", ""Plasma nicotine estimates"", ""HSB"", and ""New consumer groups defined by psychographic/lifestyle information"". The document appears to be a tobacco industry strategic planning document from around 1991 that outlines research priorities and milestones related to nicotine optimization in tobacco products. The other two categories in this section are ""DEVELOPING"" and ""NEEDED"", suggesting this is a comprehensive overview of the company's scientific and technological capabilities at different stages of development."
"Looking at this FMCG (Fast-Moving Consumer Goods) product launch document from 2011-12, what exactly is written in the John Players Jeans section of the advertisement, and what specific information does the text provide about this denim brand?","In the John Players Jeans section of this 2011-12 FMCG product launch document, the text states: \""John Players Jeans gives one the perfect vintage look with its comprehensive collection of urban styled denims in textured yarns, in slim and regular fits, with a variety of distressed finishes.\"" The brand name \""johnplayers jeans\"" is also displayed in a stylized format in the lower right image showing what appears to be fashion models. This product information appears in a marketing document that features other brands including Wills Classic Wonderpress Shirts and several tobacco products such as Gold Flake Kings, Gold Flake Filter, Royal Special Filter, and Scissors Menthol Fresh.","Based on the information I found, I can provide you with specific details about the John Players Jeans section from the 2011-12 FMCG product launch document.

According to the document, the ""John Players Jeans"" section appears in a promotional compilation that showcases various fashion and product launches in the FMCG sector for 2011-12. The document is organized in sections, with John Players Jeans appearing in one of those sections.

The document specifically ""highlights denim styles"" for the John Players Jeans brand and includes ""an image of models in jeans."" However, the exact wording of the text in this section is not provided in complete detail in the available information.

This John Players Jeans section appears alongside other fashion products like ""Wills Classic Wonderpress Shirts"" and ""Wendell Rodricks Now At Wills Lifestyle"" in the upper portion of the document, while tobacco products like ""Gold Flake Kings,"" ""Gold Flake Filter,"" ""Royal Special Filter,"" and ""Scissors Menthol Fresh"" are showcased in the bottom section.

The document serves as an overview highlighting ITC's diverse product offerings across different categories during that period, with John Players Jeans being featured as one of their fashion brand launches or promotions.

Would you like me to search for any more specific details about John Players Jeans from this document or other related information about ITC's fashion brands?","In the John Players Jeans section of this promotional material, the brand name ""johnplayers jeans"" is displayed in a stylized format in the lower right image showing what appears to be fashion models. The accompanying text describes that ""John Players Jeans gives one the perfect vintage look with its comprehensive collection of urban styled denims in textured yarns, in slim and regular fits, with a variety of distressed finishes."" This appears in a marketing document that also features other brands like Wills Classic Wonderpress Shirts and tobacco products including Gold Flake Kings, Gold Flake Filter, Royal Special Filter, and Scissors Menthol Fresh. The document is part of a FMCG product launch catalog from 2011-2012, which also mentions Wendell Rodricks' collaboration with Wills Lifestyle alongside several Indian designers."
"Looking at this Method Development Project Survey appendix document, I notice there are some entries marked with \""C\"" in parentheses at the beginning of certain project names. According to the legend at the bottom of the table, what does this \""C\"" designation stand for in the context of these tobacco research and development projects?","According to the legend at the bottom of the document (Appendix I - Results of Method Development Project Survey), the \""C\"" notation is explicitly defined as \""Current.\"" This appears in the footnotes section where it states \""* C = Current\"" alongside other designations like \""V = Method Validation.\"" The \""C\"" marking appears before several projects in the list such as \""(C) Nicotine for STP,\"" \""(C) HPLC For Licorice On Wet Snuff,\"" and \""(C) RAA Urea, Glycerin(RECON),\"" indicating these are current projects within the tobacco research and development program.","Based on the document search, I can see that in the Method Development Project Survey appendix document, the ""C"" designation stands for ""Current"".

This information appears in the legend at the bottom of the table in document 245.png, which is labeled as ""Appendix IIA"" from the Methods Development Two-Year Project Plan. The document includes a legend that specifically indicates the meanings of various symbols used in the table, including ""C"" for Current.

This means that projects marked with ""(C)"" in the table are currently active or ongoing projects within the tobacco research and development department at the time this document was created. This designation helps distinguish these active projects from other categories in the project management system, such as projects undergoing validation (marked with ""V"") or those being considered for delegation or discontinuation (as shown in a separate appendix).

Is there anything specific about these current projects you'd like to know more about?","According to the legend at the bottom of the document (Appendix I - Results of Method Development Project Survey), the ""C"" notation is explicitly defined as ""Current."" This appears in the footnotes section where it states ""* C = Current"" alongside other designations like ""V = Method Validation."" The ""C"" marking appears before several projects in the list such as ""(C) Nicotine for STP,"" ""(C) HPLC For Licorice On Wet Snuff,"" and ""(C) RAA Urea, Glycerin(RECON),"" indicating these are current projects within the tobacco research and development program. This designation helps differentiate ongoing projects from other types of projects in this R&D tracking document dated around 1993-1994."
"According to the clinical study flow chart diagram, what was the total number of subjects who were officially enrolled in the study after signing consent forms, and before accounting for those who later refused to continue participation?","Based on the flow chart visible in the clinical study diagram, exactly 100 subjects were enrolled in the study. The diagram shows that initially 103 subjects signed consent forms, but 3 were excluded due to protocol violations (as noted in Table 1). Of the 100 enrolled subjects, the diagram further tracks their progression through the study: 81 subjects had baseline angiograms, while 19 refused to continue in the study (referenced in Table 2). The flow chart continues to break down the 81 subjects with baseline angiograms into 63 with IVUS (Intravascular Ultrasound) and 18 without IVUS (where all SVG [Saphenous Vein Grafts] were occluded or diseased).","Based on the flow chart diagrams found in the project knowledge, I can provide you with the requested information:

According to the clinical study flow chart, there were 103 subjects who initially signed consent forms. Of these:
- 100 subjects were officially enrolled in the study
- 3 subjects had protocol violations (noted as ""Protocol violation N=3"" in the flowchart)

So the total number of subjects who were officially enrolled in the study after signing consent forms, and before accounting for those who later refused to continue participation, was 100.

The flowchart then shows that of these 100 enrolled subjects:
- 19 subjects later refused to continue in the study
- 81 subjects continued and had baseline angiograms

This information appears consistently in multiple flowchart diagrams documenting the same clinical study.","Based on the flow chart visible in the image, exactly 100 subjects were enrolled in the study. The diagram shows that initially 103 subjects signed consent forms, but 3 were excluded due to protocol violations (as noted in Table 1). Of the 100 enrolled subjects, the diagram further tracks their progression through the study: 81 subjects had baseline angiograms, while 19 refused to continue in the study (referenced in Table 2). The flow chart continues to break down the 81 subjects with baseline angiograms into 63 with IVUS (Intravascular Ultrasound) and 18 without IVUS (where all SVG [Saphenous Vein Grafts] were occluded or diseased). This appears to be from a clinical research document tracking participant flow through a cardiovascular study."
"According to the Notice of Annual Meeting of Shareholders document from PepsiCo dated March 24, 2006, who is identified as the Secretary of the company, as evidenced by the signature at the bottom of the notice?","Based on the Notice of Annual Meeting of Shareholders document from PepsiCo dated March 24, 2006, Larry D. Thompson is identified as the Secretary of the company. This information appears at the bottom of the notice, where his name and title \""Secretary\"" are clearly printed below his signature. The document announces PepsiCo's Annual Meeting of Shareholders scheduled for May 3, 2006, at the headquarters of Frito-Lay, Inc. in Plano, Texas.","Based on the document I found, I can provide you with the information about the Secretary of PepsiCo mentioned in the 2006 Annual Meeting notice:

According to the Notice of Annual Meeting of Shareholders from PepsiCo dated March 24, 2006, the person identified as the Secretary of the company, as evidenced by the signature at the bottom of the notice, is **Larry D. Thompson**.

The notice was for the Annual Meeting of Shareholders scheduled to take place at the headquarters of Frito-Lay, Inc. on May 3, 2006, at 9:00 a.m. local time in Plano, Texas. The document outlined agenda items including the election of the Board of Directors, ratification of independent accountants, and actions on shareholder proposals.","Based on the document shown in the image, Larry D. Thompson is identified as the Secretary of PepsiCo. This information appears at the bottom of the Notice of Annual Meeting of Shareholders document, where his name and title ""Secretary"" are clearly printed below his signature. The notice is dated March 24, 2006, and announces PepsiCo's Annual Meeting of Shareholders scheduled for May 3, 2006, at the headquarters of Frito-Lay, Inc. in Plano, Texas. As the company Secretary, Larry D. Thompson would have been responsible for official corporate communications such as this shareholder meeting notice, which outlines the agenda items including board elections, accountant ratification, and shareholder proposals."
"Based on this informational document about sodium in soft drinks, how does sodium function in the human body to regulate water balance and maintain proper hydration levels, particularly in relation to cellular processes?","According to the informational document about sodium in soft drinks, sodium plays a crucial role in regulating water in the human body by controlling the transfer of water and other nutrients across cell membranes. This osmotic regulation function is vital for maintaining proper fluid balance in the body. The document further explains that sodium's physiological importance extends beyond water regulation to include maintaining blood pressure and volume, supporting the transmission of nerve impulses, and enabling the activity of certain enzyme systems. While most Coca-Cola soft drink products contain minimal sodium (less than 35 milligrams per serving), sodium itself remains an essential nutrient for human health.","Based on the information I've gathered, I can provide details about sodium's role in human body water regulation and hydration, particularly from the document about sodium in soft drinks (357.png). Here's what I can share:

# Sodium's Function in Human Body Water Balance and Hydration

Sodium plays a crucial role in maintaining proper hydration and water balance in the human body through several key physiological processes:

## Water Regulation Functions

According to the informational document about sodium in soft drinks, sodium is essential to human physiology, particularly in:

- **Water balance regulation**: Sodium helps control the distribution of water throughout the body's compartments, including inside and outside cells
- **Fluid maintenance**: It plays a vital role in maintaining proper fluid levels in various tissues and organs
- **Cellular hydration**: Sodium concentration differences across cell membranes help determine how water moves into and out of cells

## Cellular Processes Involving Sodium

At the cellular level, sodium functions through several mechanisms:

1. **Osmotic pressure regulation**: Sodium concentration creates osmotic gradients that drive water movement between fluid compartments
2. **Electrolyte balance**: Sodium works alongside other electrolytes like potassium to maintain proper electrical charges across cell membranes
3. **Membrane potential**: Sodium helps establish and maintain electrical gradients needed for nerve impulse transmission and muscle contraction

## Importance in Overall Body Function

The document highlights that sodium's role in water regulation ties into broader physiological functions:

- Supporting nervous system function by facilitating nerve impulse transmission
- Enabling proper muscle contraction through water and electrolyte balance
- Maintaining blood volume and circulation by regulating water content in the bloodstream

While the document notes that soft drinks contain very low sodium levels (less than 35mg per serving), it emphasizes that sodium itself is an essential nutrient for maintaining these critical hydration and water balance functions in the human body.

Would you like me to provide more details on any specific aspect of sodium's role in water balance and cellular hydration?","According to the document, sodium plays a crucial role in human physiology as an essential nutrient. Specifically, sodium helps regulate water in the body through controlling the transfer of water and other nutrients across cell membranes. This osmotic regulation function is vital for maintaining proper fluid balance.

The document further explains that sodium's physiological importance extends beyond just water regulation. It also helps maintain blood pressure and volume, supports the transmission of nerve impulses, and enables the activity of certain enzyme systems. 

This information appears in an educational document from Coca-Cola USA explaining the role of sodium in soft drinks. The document clarifies that while soft drinks contain minimal sodium (less than 35 milligrams per serving in most Coca-Cola products), sodium itself remains an essential nutrient for human health. The document contrasts this with other food sources that contain significantly higher sodium levels, such as processed tomato juice (660 mg) compared to diet Coke (35 mg or less)."
"Based on this ITC Limited Report and Accounts 2013 page featuring Sunfeast products, which Sunfeast biscuit sub-brand appears first in the top row of the product display showcasing their full biscuit portfolio?","According to the ITC Limited Report and Accounts 2013 page, \""Snacky\"" is the first Sunfeast sub-brand displayed in the top row of the product arrangement. The image shows a comprehensive display of Sunfeast's biscuit portfolio, with various packages arranged in rows. The Snacky products are clearly visible at the top of the display, featuring distinctive packaging. This aligns with the accompanying text that states \""Sunfeast straddles all segments in the biscuit category and offers high quality products in exciting and innovative formats,\"" demonstrating how ITC positions different sub-brands within their overall biscuit category strategy.","Based on the information retrieved from the ITC Limited Report and Accounts for 2013, I can answer your question about which Sunfeast biscuit sub-brand appears first in the top row of the product display.

According to the document analysis, the page featuring Sunfeast biscuit products (File: 4843.png) showcases an assortment of Sunfeast products in the main section of the image. The specific Sunfeast sub-brands mentioned include Dark Fantasy, Delishus, Nice, and Snacky.

From the descriptions provided, **Dark Fantasy** appears to be the first Sunfeast biscuit sub-brand in the top row of the product display. This is further supported by another document (File: 4733.png) where ""Dark Fantasy Choco Fills"" is specifically mentioned as one of the highlighted products in the ITC's brands display, indicating its prominence in the company's biscuit portfolio.

The Dark Fantasy product line, specifically noted for its chocolate-filled biscuits, is prominently featured in the display, reflecting ITC's emphasis on quality and product innovation in their biscuit category.

Would you like to know more about any of the other Sunfeast product lines featured in the report?","According to the image from ITC Limited's 2013 Report and Accounts, ""Snacky"" is the first Sunfeast sub-brand displayed in the top row of the product arrangement. The image shows a comprehensive display of Sunfeast's biscuit portfolio, with various packages arranged in rows. The Snacky products are clearly visible at the top of the display, featuring distinctive packaging. This aligns with the accompanying text that states ""Sunfeast straddles all segments in the biscuit category and offers high quality products in exciting and innovative formats,"" demonstrating how ITC positions different sub-brands like Snacky within their overall biscuit category strategy. The document appears to be showcasing the diversity of the Sunfeast product line, with other visible sub-brands including Delishus, Dark Fantasy, and Dream Cream appearing in subsequent rows."
"According to this Pepsi-Cola product information sheet from 1986, which specific sweetener is used in the diet versions of Slice beverages, including Diet Slice, Diet Mandarin Orange Slice, Diet Apple Slice, and Diet Cherry Cola Slice, as mentioned in the nutritional data and product description?","Based on the Pepsi-Cola product information sheet from 1986, the diet versions of Slice beverages are sweetened with NutraSweet. This is explicitly stated in the document where it mentions \""Diet versions of all Slice flavors are sweetened with 100% NutraSweet.\"" The document also shows that the diet varieties (Diet Slice, Diet Mandarin Orange Slice, Diet Apple Slice, and Diet Cherry Cola Slice) contain aspartame in varying amounts (ranging from approximately 11.38 to 15.59 mg per fluid ounce), which is the generic name for the NutraSweet brand sweetener. The product information sheet describes Slice as one of the most successful soft drink brand introductions of the previous 20 years, featuring 10% fruit juice content.","Based on the information I've gathered from the 1986 Pepsi-Cola product information sheet, I can provide you with the specific sweetener used in the diet versions of Slice beverages.

According to the document (416.png) from October 1986, the diet versions of Slice beverages, including Diet Slice, Diet Mandarin Orange Slice, Diet Apple Slice, and Diet Cherry Cola Slice, used **aspartame** as the sweetener.

The nutritional content table in the document specifically lists aspartame among the ingredients for these diet beverages, showing that it was the artificial sweetener utilized across the Diet Slice product line to provide sweetness without adding calories.

This aligns with the broader product information in the document, which emphasizes Pepsi-Cola's commitment to using FDA-approved, high-quality ingredients in their beverages, with the Diet Slice variants featuring aspartame as their primary sweetening agent.

Would you like more specific information about any other nutritional aspects of these Diet Slice beverages from the 1986 product information sheet?","Based on the ingredient data sheet, the diet versions of Slice beverages are sweetened with NutraSweet. This is explicitly stated in the bottom right section of the document where it mentions ""Diet versions of all Slice flavors are sweetened with 100% NutraSweet."" The document also shows that the diet varieties (Diet Slice, Diet Mandarin Orange Slice, Diet Apple Slice, and Diet Cherry Cola Slice) contain aspartame in varying amounts (ranging from approximately 11.38 to 15.59 mg per fluid ounce), which is the generic name for the NutraSweet brand sweetener. This product information sheet from October 1986 provides comprehensive nutritional data for the Slice product line, which according to the document was one of the most successful soft drink brand introductions of the previous 20 years, featuring 10% fruit juice content."
"Looking at this R.J. Reynolds Tobacco Company request form for gratis tobacco products from 2004, what is the General Ledger Number listed on the form that would be used for accounting and tracking purposes?","Based on the \""Request for Gratis Tobacco Products\"" form from R.J. Reynolds Tobacco Company dated October 26, 2004, the General Ledger Number listed on the form is 04-75-2350-8750-855. This number appears in the top portion of the form in a dedicated field labeled \""General Ledger No.\"" The form is requesting free tobacco products for in-home testing with a delivery date of November 3, 2004 to MARC, Inc. in Greensboro, NC.","Based on the information retrieved, I can identify that there is a 2004 R.J. Reynolds Tobacco Company request form for gratis tobacco products with request number 0088010. However, in the document descriptions I've found, there's no specific mention of a General Ledger Number that would be used for accounting and tracking purposes.

From the descriptions of the document (file 1982.png), I can see details about:
- Request number: 0088010
- The products ordered: Eclipse FF Box and Eclipse FF Men Box
- The originator: Amy Brown Watson from Consumer & Sensory Product Development department
- Delivery date of November 3, 2004
- Delivery to MARC, Inc. in Greensboro, NC
- A total of 240 cartons ordered

However, the specific General Ledger Number you're asking about isn't explicitly mentioned in the document descriptions I was able to retrieve. It may be present on the actual form but not included in the summaries provided in these document descriptions.

If you have access to the complete document, you might want to look for accounting-related fields that could contain the General Ledger Number, possibly in sections related to budget allocation, cost center information, or financial tracking details.","Based on the ""Request for Gratis Tobacco Products"" form from R.J. Reynolds Tobacco Company, the General Ledger Number is clearly listed as 04-75-2350-8750-855. This number appears in the top portion of the form, in a dedicated field labeled ""General Ledger No."" This accounting code would likely be used for internal tracking and financial record-keeping purposes. The form (dated October 26, 2004) is requesting free tobacco products for in-home testing with a delivery date of November 3, 2004 to MARC, Inc. in Greensboro, NC, and this ledger number would help associate these expenses with the proper department and budget category."
"According to the cigarette product research document shown in the image, what is the specific circumference measurement of a regular Virginia Slims cigarette as mentioned in the \""Suggestions for Improvements\"" section when discussing potential changes to the VSSS product?","According to the cigarette product research document, a regular Virginia Slims cigarette has a circumference of 23mm (23 millimeters). This information appears in the \""Suggestions for Improvements\"" section, where the document states that consumers suggested making a low smoke product that was \""full circumference 100 (25 mm) or at least the circumference of a regular Virginia Slims (23mm).\"" This measurement is presented as a point of comparison when discussing potential improvements to the VSSS cigarette product, which appears to be thinner than standard Virginia Slims and was marketed primarily to female smokers.","Based on my searches, I've found information about the VSSS cigarette product evaluation in document 349, but I don't have the specific circumference measurement of a regular Virginia Slims cigarette that was mentioned in the ""Suggestions for Improvements"" section.

From the document descriptions I retrieved, I can see that the evaluation of VSSS cigarettes does mention ""increasing the product's circumference"" as one of the suggestions for improvements, but the exact measurement of what a regular Virginia Slims cigarette circumference should be is not provided in the content I was able to access.

The document appears to discuss consumer feedback on the VSSS cigarettes, noting that there were concerns about the thinness of the cigarettes, and a suggestion was made to increase the circumference. However, without the specific measurement mentioned in the document, I cannot provide you with the exact circumference value that was referenced.

If you have access to the full image or document and can see specific measurements mentioned in the ""Suggestions for Improvements"" section, you might want to review that information directly to find the exact circumference measurement.","Based on the document, a regular Virginia Slims cigarette has a circumference of 23mm (23 millimeters). This information appears on page 4 in the ""Suggestions for Improvements"" section, where the document states that consumers suggested making a low smoke product that was ""full circumference 100 (25 mm) or at least the circumference of a regular Virginia Slims (23mm)."" This measurement is presented as a point of comparison when discussing potential improvements to the VSSS cigarette product, which appears to be thinner than standard Virginia Slims and was marketed primarily to female smokers according to the consumer research detailed in the document."
"What is the name and dosage of the medication mentioned in the header section of this clinical progress report document, specifically positioned in the top right corner of the page?","The medication indicated in the top right corner of this clinical progress report document is Trimegestone (1mg). This appears to be a hormonal medication that is the subject of various clinical trials detailed in the document. The progress report outlines several Phase 1 and Phase 2 protocols related to Trimegestone, including studies on its bioavailability, pharmacokinetics, and effects when combined with conjugated estrogens. The document indicates it is being studied in comparison with medications like Premarin, particularly for use in postmenopausal women.","Based on my search of the available documents, I can provide you with information about the medication mentioned in a clinical progress report document:

The medication identified is ACTOS (pioglitazone HCl) tablets, which comes in three dosage strengths: 15 mg, 30 mg, and 45 mg.

This information appears in a letter from Takeda Pharmaceuticals North America, Inc. dated November 18, 2002, addressed to Dr. David Orloff at the FDA's Division of Metabolic & Endocrine Drug Products. The letter references a response to an FDA request for information concerning this medication, which was positioned in the document header area.

The document also mentions a case involving a 58-year-old male patient diagnosed with bladder cancer, which was being discussed in relation to clinical studies involving ACTOS.

Is there any other specific information about this medication or document you'd like to know?","The medication indicated in the top right corner of this progress report document is Trimegestone (1mg). This appears to be a hormonal medication that is the subject of various clinical trials detailed in the document. The progress report outlines several Phase 1 and Phase 2 protocols related to Trimegestone, including studies on its bioavailability, pharmacokinetics, and effects when combined with conjugated estrogens. The document indicates it is being studied in comparison with medications like Premarin, particularly for use in postmenopausal women. Based on the various research papers listed in the report (dated around 1999), Trimegestone appears to be characterized as ""a new potent and selective steroidal progestin"" that was being investigated for various clinical applications."
"According to the bar graph in this 14-day smoke inhalation study conducted on mice (TRD-ATS-020), what was the mean tidal volume in milliliters (mls) for the MC exposure group during the pre-exposure period, as indicated by the white bar in the first group shown on the left side of the chart?","Based on the bar chart titled \""14 DAY SMOKE INHALATION STUDY IN MICE TRD-ATS-020,\"" the mean tidal volume for the MC group during pre-exposure (represented by the white/hollow bar) is approximately 0.15 mls. The graph shows pre-exposure measurements compared with 60-minute exposure period averages across seven different exposure groups (MC, TLE, TME, THE, RLE, RME, and RHE). Error bars are included on the chart, indicating some variability in the measurements. The pre-exposure tidal volume for MC appears to be around 0.15 mls, with the corresponding 60-minute average value (shown by the hatched bar) being slightly lower.","Based on the information I've been able to retrieve from the project knowledge base, I can see that the document (5550.png) contains a bar graph from a 14-day smoke inhalation study on mice (TRD-ATS-020) that shows tidal volume means comparing pre-exposure values to 60-minute exposure period averages.

The graph shows different exposure groups including MC, TLE, TME, THE, RLE, RME, and RHE, with each group having two bars - one empty/white bar representing the pre-exposure period and one hatched bar representing the 60-minute average.

However, I don't have the exact numerical value for the mean tidal volume of the MC group during the pre-exposure period (white bar) from the available information. The document description mentions that the y-axis measures tidal volume in milliliters, ranging from 0 to 0.2 mls, but doesn't provide the specific value you're asking about.

Without being able to see the actual graph with its precise measurements, I cannot tell you the exact value of the mean tidal volume for the MC exposure group during the pre-exposure period. If you have access to the original image, you might be able to determine this value by looking at where the white bar for the MC group reaches on the y-axis scale.","Based on the bar chart titled ""14 DAY SMOKE INHALATION STUDY IN MICE TRD-ATS-020,"" the mean tidal volume for the MC group during pre-exposure (represented by the white/hollow bar) is approximately 0.15 mls. The graph shows pre-exposure measurements compared with 60-minute exposure period averages across seven different exposure groups (MC, TLE, TME, THE, RLE, RME, and RHE). Error bars are included on the chart, indicating some variability in the measurements. The pre-exposure tidal volume for MC appears to be around 0.15 mls, with the corresponding 60-minute average value (shown by the hatched bar) being slightly lower at approximately 0.14 mls."
"According to the Methods Development Two-Year Project Plan shown in Appendix IIB, what priority level has been assigned to the first project listed in the table (\""Replace Flex Tester\""), and how does this priority compare to other projects on the tobacco research planning document?","Based on the Methods Development Two-Year Project Plan shown in Appendix IIB, the first project \""Replace Flex Tester\"" has been assigned a priority of 1.0, which is the highest priority level (lowest number) among all the listed projects. This indicates it's the top priority project in the Methods Development plan. The document shows this project is under the responsibility of METH DEV as the R&D customer, has a duration of 6 months, and is assigned to project leader FY. The priority scale in this document ranges from 1.0 (highest) to 13.0 (lowest), with each subsequent project having a lower priority ranking.","Based on the information I've gathered from the project documents, I can provide you with an answer regarding the priority level assigned to the ""Replace Flex Tester"" project in the Methods Development Two-Year Project Plan.

According to Appendix IIB of the Methods Development Two-Year Project Plan, the ""Replace Flex Tester"" is listed as the first project in the table titled ""PROJECTS TO BE DELEGATED OR DROPPED."" The document shows that this project has been assigned a specific priority level.

However, while I can see that the project is included in the table with columns for R&D customer, priority, duration in months, and project leader, the specific priority level number or designation for the ""Replace Flex Tester"" project is not explicitly mentioned in the document descriptions available to me. The table structure clearly includes priority information, but the exact priority level assigned to this particular project is not detailed in the information I can access.

The document shows that projects in this plan were categorized and prioritized as part of a comprehensive research and development strategy, with various priority levels assigned to different projects. These priority designations would have been used to determine resource allocation and timeline planning within the two-year framework of the project plan.

To provide a complete comparison of how the ""Replace Flex Tester"" priority compares to other projects in the tobacco research planning document, I would need additional specific information about the actual priority values assigned to each project in the table.

Would you like me to look for any other specific information about this project plan or other related projects mentioned in the documents?","Based on the project plan document, the first project ""Replace Flex Tester"" has been assigned a priority of 1.0, which is the highest priority level (lowest number) among all the listed projects. This indicates it's the top priority project in the Methods Development plan. The document shows this project is under the responsibility of METH DEV as the R&D customer, has a duration of 6 months, and is assigned to project leader FY. The priority scale in this document ranges from 1.0 (highest) to 13.0 (lowest), with each subsequent project having a lower priority ranking. This appears to be part of a tobacco industry research planning document that outlines various testing and analytical method development projects to be delegated or dropped."
"Based on the informational brochure for the Pharmaceutical Education Associates conference \""Publication Planning 2003\"" shown in this image, what is the official website URL where potential attendees can register or find more information about the organization hosting this pharmaceutical industry event?","According to the administrative details section on the right side of the brochure, the online address of Pharmaceutical Education Associates is www.pharmedassociates.com. This URL is listed under the \""Online:\"" registration option, alongside other contact methods including fax (360-666-3549), mail (Pharmaceutical Education Associates, 18705 NE Cedar Drive, Battle Ground, WA 98604), and phone (800-686-2276). The website appears to be the primary online resource where interested pharmaceutical professionals can register for the Publication Planning 2003 conference, view accommodation details at The Westin Princeton venue, and access information about the various registration options ranging from $1095 to $2195.","Based on the information I've gathered from reviewing document 5324.png about the Pharmaceutical Education Associates conference ""Publication Planning 2003,"" I can see that the brochure includes information about registration methods, including online registration. 

However, after searching through the available information about this document, I cannot find the specific website URL where potential attendees can register or find more information about the organization hosting this event. The document descriptions mention that there are ""four ways to register for the conference via fax, mail, phone, and online"" and includes ""administrative details,"" but the exact website URL is not provided in the information available to me.

The brochure likely contains this URL in the original document, but it's not included in the text summary of the document that I have access to. The document does mention media partners such as Pharma Marketing News, Current Medical Research and Opinion, Product Management Today, PharmaVOICE, CanBioTech Marketplace, and PharmCast.com, but these are partners rather than the hosting organization's website.

Without the complete text of the document, I cannot provide the exact website URL for the Pharmaceutical Education Associates that would have been listed on this conference brochure.","According to the administrative details section on the right side of the brochure, the online address of Pharmaceutical Education Associates is www.pharmedassociates.com. This URL is listed under the ""Online:"" registration option, alongside other contact methods including fax (360-666-3549), mail (Pharmaceutical Education Associates, 18705 NE Cedar Drive, Battle Ground, WA 98604), and phone (800-686-2276). The website appears to be the primary online resource where interested pharmaceutical professionals can register for the Publication Planning 2003 conference, view accommodation details at The Westin Princeton venue, and access information about the various registration options ranging from $1095 to $2195. The brochure also prominently encourages readers to ""Register Today!"" by calling the 800 number or visiting this website."
"According to the fax cover sheet from DesignWrite Incorporated dated January 22, 2001, what is the telephone contact number for Karen D. Mittleman, PhD, who is identified as a Senior Medical Writer sending correspondence regarding a ""Low-Dose Review Paper Response""?","Based on the fax cover sheet visible in the image, Karen D. Mittleman, PhD's phone number is 609-924-1116. This contact information appears in the sender details section of the document, alongside her fax number (609-497-2304) and email address (kmittle@dwrite.com). The document is a formal fax transmission from DesignWrite Incorporated, dated January 22, 2001 at 4:15 PM EST, addressed to Dr. Malcolm Whitehead at Kings College School of Medicine & Dentistry. The company address shown at the bottom of the cover sheet is 189 Wall Street, Princeton, New Jersey 08540, which also lists the same phone number.","Based on the information I've gathered, I can see references to a fax cover sheet from DesignWrite dated January 22, 2001, sent by Karen D. Mittleman, PhD, Senior Medical Writer, regarding a ""Low-Dose Review Paper Response."" However, the specific telephone contact number for Karen D. Mittleman is not clearly provided in the information I've retrieved.

The documents mention that contact information for DesignWrite is provided at the bottom of the fax cover sheet, but the exact telephone number isn't included in the descriptions I've been able to access.

I'm unable to determine the specific telephone contact number for Karen D. Mittleman, PhD from the available information. The fax cover sheet (document 5400.png) appears to contain this information, but the complete details of the contact information section at the bottom of the fax aren't fully captured in the descriptions I've retrieved.

Is there anything else about this document or a different aspect of the fax cover sheet you'd like me to try to find?","Based on the fax cover sheet visible in the image, Karen D. Mittleman, PhD's phone number is 609-924-1116. This contact information appears in the sender details section of the document, alongside her fax number (609-497-2304) and email address (kmittle@dwrite.com). The document is a formal fax transmission from DesignWrite Incorporated, dated January 22, 2001 at 4:15 PM EST, addressed to Dr. Malcolm Whitehead at Kings College School of Medicine & Dentistry. The company address shown at the bottom of the cover sheet is 189 Wall Street, Princeton, New Jersey 08540, which also lists the same phone number."
"Based on this page from ITC Limited's 2013 Report and Accounts, which brand name is specifically associated with the peppermint confectionery products in ITC's portfolio of candy and mint offerings?","According to the image from ITC Limited's 2013 Report and Accounts, the brand name for their peppermint confectioneries is ""mint-o"". The image shows a product display featuring two confectionery brands owned by ITC: Candyman and mint-o. The mint-o product line appears to include various mint products including what seems to be ""mint-o Fresh"" and ""mint-o GOL"" in different packaging formats including jars and sachets. The accompanying text states that ""Candyman and mint-o offer a mouth-watering range of confectionery products in a variety of flavours and formats which delight consumers across age groups."" The mint-o brand appears to be specifically focused on mint-based confectionery products in the company's portfolio.","Based on my search of the ITC Limited's 2013 Report and Accounts, I can answer your question about their peppermint confectionery brand.

According to the information from the 2013 Report and Accounts, specifically from the promotional page showcasing ITC's confectionery products, ""mint-o"" is the brand name specifically associated with the peppermint confectionery products in ITC's portfolio of candy and mint offerings.

The relevant section in the report highlights both ""Candyman"" and ""mint-o"" as ITC's confectionery product lines, with mint-o being their dedicated mint/peppermint brand. The promotional page in the report illustrates a range of flavors and formats under these brands that are designed to appeal to diverse age groups, showcasing ITC's commitment to product variety in their confectionery division.

Is there anything specific about the mint-o brand or other ITC confectionery products you'd like to know more about?","According to the image from ITC Limited's 2013 Report and Accounts, the brand name for their peppermint confectioneries is ""mint-o"". The image shows a product display featuring two confectionery brands owned by ITC: Candyman and mint-o. The mint-o product line appears to include various mint products including what seems to be ""mint-o Fresh"" and ""mint-o GOL"" in different packaging formats including jars and sachets. The accompanying text states that ""Candyman and mint-o offer a mouth-watering range of confectionery products in a variety of flavours and formats which delight consumers across age groups."" The mint-o brand appears to be specifically focused on mint-based confectionery products in the company's portfolio."
"According to ITC Limited's 2012 Report and Accounts document, specifically in the section outlining ITC's Sustainability Initiatives and their scale and impact, how many children have been covered by ITC's Supplementary Education Programme as stated in the sustainability metrics?","Based on the image from ITC Limited's Report and Accounts 2012, the document clearly states that ""ITC's Supplementary Education Programme has covered nearly 270,000 children."" This information appears in the top section of the document titled ""ITC's Sustainability Initiatives: Scale and Impact"" as one of several bullet points highlighting the company's social impact achievements. This education initiative is part of ITC's broader sustainability efforts, which also include programs for farmers, watershed development, livestock development, and women's empowerment, all of which are independently reviewed by Ernst & Young as noted in the review statement in the lower portion of the document.",Wasn't able to retrieve any context or response,"Based on the image from ITC Limited's Report and Accounts 2012, the document clearly states that ""ITC's Supplementary Education Programme has covered nearly 270,000 children."" This information appears in the top section of the document titled ""ITC's Sustainability Initiatives: Scale and Impact"" as one of several bullet points highlighting the company's social impact achievements. This education initiative is part of ITC's broader sustainability efforts, which also include programs for farmers, watershed development, livestock development, and women's empowerment, all of which are independently reviewed by Ernst & Young as noted in the review statement in the lower portion of the document."
"According to the technical document on tobacco research and filter development, at which academic institution were the experimental web filters for cigarettes produced as mentioned in the ""Web Filter Development"" section?","According to the document, sample webs were produced at the University of Maine using a specific composition of 75% 1/8"" cut CA (cellulose acetate) staple and 25% softwood fiber. The document details that various refining levels were evaluated during this production process, and that CMC (carboxymethyl cellulose) and PVA (polyvinyl alcohol) binders were utilized to improve elongation properties of the filter material. The sample bobbins produced at the University of Maine are currently undergoing evaluation for filter making machinability, with plans to use them in cigarette production for both analytical testing and subjective evaluation purposes.","Based on the information retrieved, I can see that the experimental web filters for cigarettes were produced at the University of Maine. 

According to document 272.png, which discusses research and development in tobacco processing and filter innovation, there is a specific reference to ""new web filter developments at the University of Maine."" The document details the materials and methods used to test filter making machinability as part of this development work.

The document appears to be a technical report that covers various aspects of tobacco research, including:
- A Sidestream Smoke Chamber for monitoring CO and CO2 levels
- Tobacco lamina expansion processes and stress relaxation tests
- Filter research focusing on concentric filter models
- Web filter development specifically conducted at the University of Maine

Is there any additional information you'd like to know about the web filter development or other tobacco research mentioned in this document?","According to the document, sample webs were produced at the University of Maine using a specific composition of 75% 1/8"" cut CA (cellulose acetate) staple and 25% softwood fiber. The document details that various refining levels were evaluated during this production process, and that CMC (carboxymethyl cellulose) and PVA (polyvinyl alcohol) binders were utilized to improve elongation properties of the filter material. The sample bobbins produced at the University of Maine are currently undergoing evaluation for filter making machinability, with plans to use them in cigarette production for both analytical testing and subjective evaluation purposes."
What is the main purpose of the Grocky platform?,"Grocky is an AI-powered job interview preparation platform that simulates real interview scenarios using AI voice agents, providing users with real-time feedback and transcripts to help them improve.","Based on the information retrieved, I can provide details about Grocky's main purpose:

# Grocky: AI-Powered Job Interview Preparation Platform

Grocky is a platform specifically designed to help users prepare for job interviews using artificial intelligence technology. Its main purposes are:

1. **Interview Practice:** To simulate real interview scenarios using AI voice agents
2. **Feedback Generation:** To provide real-time feedback on interview performance
3. **Skill Improvement:** To help users improve their interviewing skills through practice and assessment

## Key Features:
- AI-powered mock interviews 
- Real-time feedback on performance
- Interview transcripts for review
- Practice with industry-specific questions
- Access to both past and upcoming interview simulations

The platform aims to create a realistic interview environment where users can practice their skills in a low-pressure setting, receive constructive feedback, and ultimately improve their job interview performance.

Is there any specific aspect of Grocky's functionality you'd like to know more about?","Grocky is an AI-powered job interview preparation platform that simulates real interview scenarios using AI voice agents, providing users with real-time feedback and transcripts to help them improve."
Which technologies are used to build Grocky?,"Grocky uses Next.js for frontend and backend logic, Tailwind CSS for styling, Firebase for authentication and backend services, Vapi AI for voice agent interactions, shadcn/ui for UI components, Google Gemini for AI-based feedback, and Zod for input validation.","Based on the project documentation, Grocky is an AI-powered job interview preparation platform that uses the following technologies:

## 🔧 Core Technologies

- **Next.js** - Used for building both the frontend and backend logic
- **React** - JavaScript library for building user interfaces
- **TypeScript** - For static typing and improved developer experience
- **Firebase** - Provides authentication and backend services
- **Tailwind CSS** - For modern, responsive styling

## 🧪 AI and Voice Integration

- **Vapi AI** - For voice agent interactions
- **Google Gemini** - Powers the AI-based feedback system

## 📚 Supporting Libraries

- **shadcn/ui** - For UI components
- **Zod** - For input validation and form handling
- **React Hook Form** - For managing form state
- **next-themes** - For theme management
- **sonner** - For toast notifications

The project follows modern web development practices with a focus on providing interactive interview practice through AI voice agents that can simulate real interview scenarios and provide feedback to help users improve their interview skills. 

The development environment uses tools like Turbopack for faster development and follows a component-based architecture with various UI components and layouts for different sections of the application.

Would you like to know more about any specific aspect of Grocky's technology stack or implementation?","Grocky uses Next.js for frontend and backend logic, Tailwind CSS for styling, Firebase for authentication and backend services, Vapi AI for voice agent interactions, shadcn/ui for UI components, Google Gemini for AI-based feedback, and Zod for input validation."
How does a user start an interview simulation on Grocky?,"A user logs in, navigates to the interview section, and initiates an interview session, which starts an AI voice agent using the Agent component.","Based on the information from the Grocky application, I can explain how a user starts an interview simulation:

## How to Start an Interview Simulation on Grocky

### From the Dashboard

1. **Access the Dashboard**: After signing in to your Grocky account, you'll be directed to the main dashboard page.

2. **Click ""Start an Interview"" Button**: On the dashboard, you'll find a prominent button labeled ""Start an Interview"". This button appears as:
   ```
   <Button asChild className=""btn-primary max-sm:w-full"">
     <Link href=""/interview"">Start an Interview</Link>
   </Button>
   ```

3. **Configure Your Interview**: After clicking the button, you'll be taken to the interview configuration page where you can:
   - Select the job role you're preparing for
   - Choose your experience level
   - Specify the technology stack relevant to the position
   - Select the interview type (Technical, Behavioral, or Mixed)

4. **Begin the Interview**: Once you've configured your preferences, the application will:
   - Generate tailored interview questions using AI (Google Gemini)
   - Set up an AI interviewer with voice capabilities
   - Prepare the session for real-time feedback

### During the Interview

The interview simulation features:
- A voice-based AI interviewer that asks questions and responds to your answers
- Real-time transcription of your conversation
- An interface showing your progress through the interview questions

### After the Interview

Once complete, you'll receive:
- An overall assessment of your performance
- Detailed feedback on your strengths
- Specific areas for improvement
- Category scores for different aspects of your interview performance

The platform also allows you to review past interviews and retake them from the dashboard by clicking on previous interview cards.

Would you like more details about any specific part of the interview simulation process?","A user logs in, navigates to the interview section, and initiates an interview session, which starts an AI voice agent using the Agent component."
How does the Agent component manage the interview call and transcript?,"The Agent component uses the Vapi SDK to start and manage the AI voice call, listens for events like call start, end, and transcript messages, and updates the UI with the current call status and transcript.","Based on the retrieved information, I can now provide a detailed explanation of how the Agent component manages the interview call and transcript:

# 🔄 How the Agent Component Manages Interview Call and Transcript

The Agent component serves as the core functionality for conducting AI-powered interviews in the application. It handles the complete lifecycle of an interview call, from initiation to completion, while managing real-time transcription and feedback generation.

## Call Status Management

The component uses a state-driven approach through an enum called `CallStatus` with four distinct states:

```typescript
enum CallStatus {
  INACTIVE = ""INACTIVE"",   // Initial state before a call
  CONNECTING = ""CONNECTING"", // When a call is being established
  ACTIVE = ""ACTIVE"",       // During an ongoing interview
  FINISHED = ""FINISHED"",   // After the call has ended
}
```

This state machine drives the UI rendering and determines the application flow, showing appropriate buttons (Call/End) and handling post-interview actions.

## Event-Driven Architecture

The component employs an event-driven architecture using the VAPI SDK to listen to various call events:

```typescript
vapi.on(""call-start"", onCallStart);
vapi.on(""call-end"", onCallEnd);
vapi.on(""message"", onMessage);
vapi.on(""speech-start"", onSpeechStart);
vapi.on(""speech-end"", onSpeechEnd);
vapi.on(""error"", onError);
```

Each event has a corresponding handler function:

- `onCallStart`: Updates the status to `ACTIVE` when the call begins
- `onCallEnd`: Sets status to `FINISHED` when the call terminates
- `onMessage`: Processes incoming transcript messages
- `onSpeechStart`/`onSpeechEnd`: Manages the speaking state to show visual indicators
- `onError`: Handles error reporting

## Transcript Management

The transcript is built in real-time as messages are received from the VAPI service:

```typescript
const onMessage = (message: Message) => {
  if (message.type === ""transcript"" && message.transcriptType === ""final"") {
    const newMessage = { role: message.role, content: message.transcript };
    setMessages((prev) => [...prev, newMessage]);
  }
};
```

The component processes only ""final"" transcript segments (not partial ones), adding them to a `messages` array that builds the complete conversation history. It also maintains a `lastMessage` state to display the most recent transcript line, creating a smooth user experience.

## Interview Lifecycle

The interview lifecycle is managed through several key functions:

1. **Starting a Call** (`handleCall`):
   - Sets the status to `CONNECTING`
   - Determines if this is a question generation session or an actual interview
   - Formats questions if provided
   - Starts the VAPI session with appropriate configuration

2. **Ending a Call** (`handleDisconnect`):
   - Sets the status to `FINISHED`
   - Calls `vapi.stop()` to terminate the session

3. **Post-Interview Processing** (via `useEffect`):
   - When the call status changes to `FINISHED`:
     - For question generation, redirects to the home page
     - For interviews, triggers feedback generation using the recorded transcript

## Feedback Generation

After an interview completes, the component calls the `handleGenerateFeedback` function:

```typescript
const handleGenerateFeedback = async (messages: SavedMessage[]) => {
  const { success, feedbackId: id } = await createFeedback({
    interviewId: interviewId!,
    userId: userId!,
    transcript: messages,
    feedbackId,
  });

  if (success && id) {
    router.push(`/interview/${interviewId}/feedback`);
  } else {
    console.log(""Error saving feedback"");
    router.push(""/"");
  }
};
```

This function sends the entire transcript for AI analysis and feedback generation, then redirects the user to the feedback page when complete.

## Visual Representation

The component also handles the visual representation of the interview:

- Displays an AI interviewer card with animation when speaking
- Shows the user's profile and name
- Renders the transcript in a scrollable container
- Provides call control buttons that change based on the current call state

This comprehensive approach allows the Agent component to provide a seamless interview experience while capturing the entire conversation for subsequent feedback and evaluation.

Would you like me to dive deeper into any specific aspect of how the Agent component manages the interview process?","The Agent component uses the Vapi SDK to start and manage the AI voice call, listens for events like call start, end, and transcript messages, and updates the UI with the current call status and transcript."
How does Grocky provide feedback to users after an interview?,"After the interview ends, the Agent component triggers the createFeedback action, which saves the transcript and navigates the user to the feedback page, where AI-generated feedback is displayed.","Based on the information retrieved from the project documents, I can provide a comprehensive explanation of how Grocky provides feedback to users after an interview:

# How Grocky Provides Feedback After Interviews

Grocky is an AI-powered job interview preparation platform that provides detailed feedback to users after they complete a mock interview. Here's how the feedback system works:

## 📋 Feedback Generation Process

1. **Interview Completion**: After a user completes an interview with the AI interviewer, the system automatically triggers the feedback generation process.

2. **Transcript Analysis**: When the call ends (callStatus changes to FINISHED), the application calls a function named `handleGenerateFeedback` which:
   - Collects all messages exchanged during the interview (transcript)
   - Sends this transcript data to the backend via the `createFeedback` function

3. **AI-Powered Assessment**: The platform uses Google Gemini AI to analyze the interview transcript and generate comprehensive feedback based on the user's responses.

4. **Feedback Storage**: Once generated, the feedback is stored in Firebase with association to the specific interview and user IDs.

5. **Redirect to Feedback Page**: Upon successful feedback creation, the user is automatically redirected to a dedicated feedback page (`/interview/${interviewId}/feedback`).

## 🔍 Feedback Structure

The feedback provided to users after an interview includes:

1. **Overall Score**: A total score reflecting the user's overall performance in the interview.

2. **Category Breakdown**: Detailed assessment across multiple categories, each with:
   - Category name
   - Score (out of 100)
   - Detailed comment explaining the rating

3. **Strengths**: A list of specific strengths demonstrated during the interview.

4. **Areas for Improvement**: A list of specific aspects where the user could improve.

5. **Final Assessment**: A comprehensive evaluation summarizing the user's interview performance.

## 📱 Feedback Interface

The feedback page (`page_feedback.tsx`) presents the information in a clean, organized format:

- A header showing the interview role and type
- Sections displaying the overall impression and assessment
- A breakdown of the interview performance by categories
- Clear lists of strengths and areas for improvement
- Navigation buttons allowing users to:
  - Return to the dashboard
  - Retake the interview for additional practice

## 🛠️ Technical Implementation

The feedback system is built using:
- Next.js for the frontend and backend logic
- Firebase for data storage and retrieval
- Google Gemini for AI-based analysis and feedback generation
- TypeScript for type-safe implementation
- React components for structured display of feedback elements

This comprehensive feedback system enables users to receive professional-quality insights about their interview performance, helping them identify strengths and weaknesses, and providing clear guidance on how to improve for future interviews.

Would you like me to elaborate on any specific aspect of Grocky's feedback system?","After the interview ends, the Agent component triggers the createFeedback action, which saves the transcript and navigates the user to the feedback page, where AI-generated feedback is displayed."
How is authentication handled in Grocky?,"Authentication is managed using Firebase, with the AuthForm component providing the UI for login and registration.","Based on the available information, I can provide you with an overview of how authentication is handled in the Grocky application:

## 🔐 Authentication in Grocky

Grocky uses Firebase Authentication as its primary authentication system. The implementation includes:

### Firebase Setup

1. **Client-Side Firebase Configuration**
   - Firebase is initialized in `client.ts` using environment variables for API keys, auth domains, project IDs, etc.
   - The Firebase Auth instance is exported for use throughout the application.

2. **Server-Side Firebase Admin**
   - Firebase Admin SDK is configured in `admin.ts` to handle server-side authentication operations.
   - It uses secure credentials stored in environment variables.

### Authentication Flow

1. **Sign-Up Process**
   - Users can create new accounts through the sign-up form.
   - The form collects name, email, and password with validation via Zod.
   - Firebase's `createUserWithEmailAndPassword` is called to create the user account.
   - User data is then stored server-side using the `signUp` server action.

2. **Sign-In Process**
   - Returning users provide email and password on the sign-in form.
   - Firebase's `signInWithEmailAndPassword` authenticates the credentials.
   - An ID token is generated and passed to the `signIn` server action.
   - Upon successful sign-in, users are redirected to the dashboard.

3. **Authentication Checking**
   - The application uses the `isAuthenticated` server action to check user authentication status.
   - Auth layouts redirect based on authentication status:
     - `AuthLayout`: Redirects authenticated users away from auth pages.
     - `Layout` in the main app sections: Redirects unauthenticated users to the sign-in page.

4. **Session Management**
   - Session state is maintained across the application.
   - The `getCurrentUser` function retrieves the current user's information for personalized experiences.

### UI Components

- **AuthForm**: A flexible component that handles both sign-up and sign-in processes.
- **FormField**: Reusable form fields with validation for auth-related inputs.
- **Protected Routes**: App sections use layout components that verify authentication status before rendering content.

### Security Features

- Password validation with minimum length requirements
- Email format validation
- Error handling for failed authentication attempts
- Secure token-based authentication

This authentication system provides a secure foundation for Grocky's interview preparation platform, ensuring that only authenticated users can access the interview generation and feedback features.

Would you like to know more about any specific aspect of the authentication system?","Authentication is managed using Firebase, with the AuthForm component providing the UI for login and registration."
How does the platform ensure real-time updates during an interview?,"The Agent component listens for Vapi SDK events such as 'message' for transcript updates and 'speech-start'/'speech-end' for speaking status, updating the UI in real time.","Based on the project documentation, I can now provide a detailed explanation of how the Grocky platform ensures real-time updates during interviews:

# 🔄 Real-Time Interview Updates in Grocky

Grocky ensures seamless real-time updates during the interview process through a sophisticated combination of event-driven architecture, voice processing, and state management. Here's how it works:

## Event Listeners and Handlers

The platform uses a comprehensive set of event listeners that react instantly to various stages of the interview:

- `call-start`: Triggers when the voice connection is established
- `call-end`: Activates when the interview session concludes
- `message`: Processes incoming transcripts and AI responses
- `speech-start`/`speech-end`: Detects when the AI interviewer begins and stops speaking
- `error`: Handles any technical issues during the session

These events are managed through the `vapi` SDK, which serves as the communication bridge between the user interface and voice processing services.

## Voice and Speech Integration

The platform employs advanced voice technology components:

- **Transcriber**: Uses Deepgram's ""nova-2"" model to convert spoken words into text in real-time
- **Voice Synthesis**: Leverages ElevenLabs voice technology with customized parameters for natural, human-like speech
- **Visual Indicators**: Shows animation effects when the AI interviewer is speaking, providing visual feedback to the user

## Transcript and Message Management

Every interaction is captured and displayed in real-time:

```javascript
const onMessage = (message: Message) => {
  if (message.type === ""transcript"" && message.transcriptType === ""final"") {
    const newMessage = { role: message.role, content: message.transcript };
    setMessages((prev) => [...prev, newMessage]);
  }
};
```

This code ensures that as soon as a participant's speech is finalized, it's immediately added to the transcript history and displayed on screen with a smooth fade-in animation.

## UI State Synchronization

The interface continuously reflects the current state of the interview through:

- Dynamic call status indicators (`INACTIVE`, `CONNECTING`, `ACTIVE`, `FINISHED`)
- Real-time transcript display showing the most recent messages
- Visual animations indicating when the AI is actively speaking
- Button state changes reflecting available actions at each stage

## Feedback Generation

Upon interview completion, the platform automatically processes the entire conversation:

```javascript
const handleGenerateFeedback = async (messages: SavedMessage[]) => {
  const { success, feedbackId: id } = await createFeedback({
    interviewId: interviewId!,
    userId: userId!,
    transcript: messages,
    feedbackId,
  });

  if (success && id) {
    router.push(`/interview/${interviewId}/feedback`);
  }
};
```

This ensures that users receive comprehensive feedback based on their interview performance immediately after completion.

## Technology Stack Integration

The real-time capabilities are powered by several key technologies:

- **Vapi AI**: Handles voice agent interactions and real-time speech processing
- **Next.js**: Provides the reactive framework for immediate UI updates
- **Firebase**: Manages user data and stores interview transcripts
- **Google Gemini**: Processes interview content to generate AI-based feedback

Would you like me to explain more about any specific aspect of the real-time functionality, such as the speech recognition process or how feedback is generated from the transcripts?","The Agent component listens for Vapi SDK events such as 'message' for transcript updates and 'speech-start'/'speech-end' for speaking status, updating the UI in real time."
How does Grocky use Google Gemini?,"Google Gemini is used to generate AI-based feedback on the user's interview performance, which is shown on the feedback page after the interview.","Based on the project documentation, I can explain how Grocky uses Google Gemini:

# How Grocky Uses Google Gemini

Grocky is an AI-powered job interview preparation platform that utilizes Google Gemini in two key areas:

## 1. Interview Question Generation

Grocky uses Google Gemini (specifically the ""gemini-2.0-flash-001"" model) to generate tailored interview questions based on:

- Job role (e.g., Software Developer, Product Manager)
- Experience level (e.g., Junior, Mid-level, Senior)
- Technology stack (e.g., React, Node.js, Python)
- Question focus (behavioral vs. technical)
- Number of questions needed

The implementation can be seen in the API route that handles question generation:

```typescript
try {
  const { text: questions } = await generateText({
    model: google(""gemini-2.0-flash-001""),
    prompt: `Prepare questions for a job interview.
      The job role is ${role}.
      The job experience level is ${level}.
      The tech stack used in the job is: ${techstack}.
      The focus between behavioural and technical questions should lean towards: ${type}.
      The amount of questions required is: ${amount}.
      ...
    `,
  });
}
```

## 2. Providing Interview Feedback

After completing a practice interview session, Google Gemini is used to analyze the interview transcript and generate detailed feedback, which includes:

- Overall score assessment
- Category-specific scores and comments
- Analysis of strengths
- Areas for improvement
- Final assessment and recommendations

The feedback is structured to include specific categories with scores out of 100, helping users understand their performance across different dimensions of the interview.

## Technical Implementation

Grocky integrates with Google Gemini through:

1. The `@ai-sdk/google` package as seen in the dependencies
2. The AI SDK's `generateText` function to create prompts and process responses
3. Environment variables (`GOOGLE_GENERATIVE_AI_API_KEY`) to authenticate with Google's services

The Agent component handles the voice interaction process, while separate API routes process the interview transcripts and generate feedback using Google Gemini.

Would you like more details about any specific aspect of how Grocky uses Google Gemini?","Google Gemini is used to generate AI-based feedback on the user's interview performance, which is shown on the feedback page after the interview."
What is the role of the InterviewCard component?,"The InterviewCard component displays information about available or past interviews, including details like interview type, status, and actions to start or review an interview.","Based on the information retrieved, I can explain the role of the InterviewCard component in the Grocky application:

# Role of the InterviewCard Component

The InterviewCard component is a reusable UI element that displays information about individual interview sessions within a mock interview preparation platform. It serves as a visual card representation for both past and upcoming interviews.

## Key Functions and Features

- **Interview Information Display**: Shows details about a specific interview including:
  - The job role (e.g., ""Frontend Developer"")
  - Interview type with visual badge (Behavioral, Technical, or Mixed)
  - Creation date formatted in a user-friendly way (e.g., ""Mar 15, 2024"")
  - Technology stack associated with the interview

- **Visual Elements**: 
  - Displays a randomly selected company cover image
  - Shows technology icons representing the tech stack
  - Uses color-coded badges to differentiate interview types

- **Navigation**: 
  - Provides a button that links to either:
    - The interview details page if the interview hasn't been completed
    - The feedback page if the interview has been completed

- **Feedback Integration**:
  - Dynamically checks if feedback exists for the interview
  - Adjusts button text based on feedback availability (""View Interview"" or ""Check Feedback"")

The component is used on the home dashboard to display both the user's past interviews and available upcoming interviews, helping users navigate through their interview practice sessions.

Would you like to know more about how this component integrates with the rest of the application or any specific aspect of its functionality?","The InterviewCard component displays information about available or past interviews, including details like interview type, status, and actions to start or review an interview."
How does the feedback page present results to the user?,"The feedback page displays the AI-generated feedback, the full transcript of the interview, and may include suggestions for improvement.",Wasn't able to retrieve any context or response,"The feedback page displays the AI-generated feedback, the full transcript of the interview, and may include suggestions for improvement."
How does Grocky handle environment configuration for third-party services?,"Environment variables for Vapi, Google Gemini, and Firebase are set in a .env.local file, which is required for the app to connect to these services.","Based on the information I've gathered, here's how Grocky handles environment configuration for third-party services:

## 🔐 Environment Configuration in Grocky

Grocky uses a `.env.local` file in the project root directory to manage configuration for all third-party services. This approach keeps sensitive credentials secure and separate from the codebase.

### Configuration Categories

The environment variables are organized into several distinct categories:

1. **Vapi AI Integration**
   - `NEXT_PUBLIC_VAPI_WEB_TOKEN`
   - `NEXT_PUBLIC_VAPI_WORKFLOW_ID`

2. **Google Generative AI**
   - `GOOGLE_GENERATIVE_AI_API_KEY`

3. **Application Base URL**
   - `NEXT_PUBLIC_BASE_URL`

4. **Firebase Client Configuration**
   - `NEXT_PUBLIC_FIREBASE_API_KEY`
   - `NEXT_PUBLIC_FIREBASE_AUTH_DOMAIN`
   - `NEXT_PUBLIC_FIREBASE_PROJECT_ID`
   - `NEXT_PUBLIC_FIREBASE_STORAGE_BUCKET`
   - `NEXT_PUBLIC_FIREBASE_MESSAGING_SENDER_ID`
   - `NEXT_PUBLIC_FIREBASE_APP_ID`

5. **Firebase Admin Configuration**
   - `FIREBASE_PROJECT_ID`
   - `FIREBASE_CLIENT_EMAIL`
   - `FIREBASE_PRIVATE_KEY`

### Implementation Approach

The project uses two separate Firebase configurations:

1. **Client-side Firebase** (in `client.ts`):
   - Uses `NEXT_PUBLIC_` prefixed variables accessible in the browser
   - Initializes Firebase for Auth and Firestore services
   - Checks if Firebase is already initialized to prevent duplicate instances

2. **Server-side Firebase Admin** (in `admin.ts`):
   - Uses server-only environment variables (not prefixed with `NEXT_PUBLIC_`)
   - Handles special formatting for the private key (replacing escaped newlines)
   - Provides admin-level access to Firebase services for backend operations

### Variable Access Pattern

In the codebase, these variables are accessed using:
- `process.env.VARIABLE_NAME` for server-side access
- `process.env.NEXT_PUBLIC_VARIABLE_NAME` for client-side access

For example, when starting a Vapi workflow:
```typescript
await vapi.start(process.env.NEXT_PUBLIC_VAPI_WORKFLOW_ID!, {
  variableValues: {
    username: userName,
    userid: userId,
  },
});
```

### Configuration in Build Process

The project's `next.config.ts` file indicates that ESLint and TypeScript build errors are ignored during the build process, which helps prevent environment variable-related build failures.

Would you like to know more about any specific aspect of how Grocky handles environment configuration?","Environment variables for Vapi, Google Gemini, and Firebase are set in a .env.local file, which is required for the app to connect to these services."
How does the user interact with the AI interviewer during a session?,"The user speaks with the AI interviewer via the Agent component, which manages the voice call and displays both the AI and user avatars, as well as the live transcript.",Wasn't able to retrieve any context or response,"The user speaks with the AI interviewer via the Agent component, which manages the voice call and displays both the AI and user avatars, as well as the live transcript."
How does Grocky store and retrieve interview transcripts?,"Transcripts are collected in real time during the interview and saved via the createFeedback action, which stores them in the backend (Firebase or another service).",Wasn't able to retrieve any context or response,"Transcripts are collected in real time during the interview and saved via the createFeedback action, which stores them in the backend (Firebase or another service)."
How does the app validate user input in forms?,"The app uses the Zod library for input validation, ensuring that user-provided data meets the required schema before processing.",Wasn't able to retrieve any context or response,"The app uses the Zod library for input validation, ensuring that user-provided data meets the required schema before processing."
How does the platform support both frontend and backend logic?,"Grocky uses Next.js, which allows for both frontend React components and backend API routes in the same codebase.",Wasn't able to retrieve any context or response,"Grocky uses Next.js, which allows for both frontend React components and backend API routes in the same codebase."
How does the Agent component handle call status changes?,"The Agent component tracks call status using React state and Vapi SDK events, updating the UI to reflect whether the call is connecting, active, or finished.",Wasn't able to retrieve any context or response,"The Agent component tracks call status using React state and Vapi SDK events, updating the UI to reflect whether the call is connecting, active, or finished."
How does Grocky ensure a modern and responsive UI?,"The app uses Tailwind CSS and shadcn/ui component library to provide a modern, responsive, and accessible user interface.","Based on the information I've found, here's how Grocky ensures a modern and responsive UI:

## 🎨 Modern UI Framework and Components

Grocky's modern UI is built on several key technologies:

- **Next.js (version 15.2.2)** - A React framework that provides the foundation for the application with modern rendering capabilities
- **Tailwind CSS** - Used for responsive styling throughout the application, allowing for clean, utility-based design
- **shadcn/ui** - A components library that provides accessible, customizable UI elements

## 🔄 Responsive Design Implementation

Grocky implements responsive design through:

1. **Flexible layout system** using Tailwind's responsive utilities:
   - Responsive media queries with prefixes like `max-sm:` and `max-lg:`
   - Example: `.card-cta { @apply flex flex-row blue-gradient-dark rounded-3xl px-16 py-6 items-center justify-between max-sm:px-4; }`

2. **Mobile-first approach** with responsive breakpoints:
   - The application adjusts layouts for different screen sizes
   - Example: `.call-view { @apply flex sm:flex-row flex-col gap-10 items-center justify-between w-full; }`

3. **Adaptive components** that change their layout based on screen size:
   - `.interviews-section { @apply flex flex-wrap gap-4 max-lg:flex-col w-full items-stretch; }`

## ✨ Modern UI Elements and Styling

Grocky enhances visual appeal through:

1. **Gradient backgrounds and modern styling**:
   - Custom utilities like `blue-gradient-dark`, `blue-gradient`, and `dark-gradient`
   - Example: `@utility blue-gradient-dark { @apply bg-gradient-to-b from-[#171532] to-[#08090D]; }`

2. **Animation and transitions**:
   - Smooth transitions and hover effects
   - Custom animations like `animate-fadeIn` and `animate-ping`
   - Example: `@utility animate-fadeIn { animation: fadeIn 0.3s ease-in-out; }`

3. **Themed components** with consistent styling:
   - Dark mode support built-in via `next-themes`
   - Customizable design tokens for colors and sizes
   - The app defaults to dark theme: `<html lang=""en"" className=""dark"">`

## 🧩 Component Architecture

The UI is built from well-structured components:

1. **Customizable Button component**:
   - Multiple variants (default, destructive, outline, secondary)
   - Size options and style customization
   - Accessibility features built-in

2. **Form components** with standardized styling:
   - Custom form fields with consistent appearance
   - Input elements with proper validation states
   - Labels and control components for form structure

3. **Card components** for content display:
   - `.card-interview` for interview displays
   - `.card-interviewer` for the AI interviewer interface

## 📱 Responsive Testing and Development

Grocky uses modern development tools to ensure responsive design:

- **Turbopack** for fast development (`""dev"": ""next dev --turbopack""`)
- **Latest React (19.0.0)** for modern component architecture
- **TypeScript** for type safety and better component props management

The combination of these technologies and approaches ensures Grocky provides a modern, responsive UI that works well across different devices and screen sizes, creating an engaging experience for users preparing for job interviews.

Would you like me to explain any specific aspect of Grocky's UI implementation in more detail?","The app uses Tailwind CSS and shadcn/ui component library to provide a modern, responsive, and accessible user interface."
How does the user review past interviews?,"Users can view past interviews via InterviewCard components, which provide access to transcripts and feedback for completed sessions.","Based on the information retrieved, here's how users review their past interviews on the Grocky platform:

## How to Review Past Interviews

Users can review their past interviews on the Grocky platform through these main ways:

### 1. From the Dashboard/Home Page
- Users can see their past interviews displayed in the ""interviews-section"" of the home page
- Each past interview is displayed as an InterviewCard component
- If a user hasn't taken any interviews yet, they'll see a message saying ""You haven't taken any interviews yet""

### 2. Through Interview Cards
- Each InterviewCard displays:
  - The interview role (e.g., ""Frontend Developer"")
  - Interview type (e.g., ""Technical"", ""Mixed"")
  - Technology stack used in the interview (displayed as icons)
  - Creation date of the interview

### 3. Detailed Feedback Review
When a user clicks on a past interview, they can access:
- A detailed breakdown of their performance
- Category scores (rated out of 100) with specific comments
- Lists of strengths identified during the interview
- Areas for improvement with specific suggestions
- A final assessment of their overall performance

### 4. Navigation Options
After reviewing feedback, users can:
- Retake the interview to improve their performance
- Return to the dashboard to view other interviews

The platform shows both past interviews taken by the user and available upcoming interviews, making it easy to track progress and prepare for future practice sessions.

Would you like more details about any specific aspect of the interview review process?","Users can view past interviews via InterviewCard components, which provide access to transcripts and feedback for completed sessions."
How does the app handle errors during the interview or feedback process?,The Agent component listens for error events from the Vapi SDK and displays appropriate messages or redirects the user if an error occurs.,"Based on the project documents, I can provide insights into how the Grocky app handles errors during the interview and feedback processes. The application incorporates several error handling mechanisms:

## Error Handling During Interviews

### VAPI Integration Error Handling
The application uses an AI voice system (VAPI) for interviews and implements specific error listeners:

```typescript
// Error event listener for VAPI
const onError = (error: Error) => {
  console.log(""Error:"", error);
};

// Setting up the error listener
vapi.on(""error"", onError);
```

This listener captures errors from the voice API during interviews, logging them to the console for troubleshooting.

### Call Status Management
The app uses a state-based approach to track call status through an enum:

```typescript
enum CallStatus {
  INACTIVE = ""INACTIVE"",
  CONNECTING = ""CONNECTING"",
  ACTIVE = ""ACTIVE"",
  FINISHED = ""FINISHED""
}
```

This allows the app to gracefully handle different connection states and provide appropriate user feedback.

### Error Recovery
If a call fails or encounters issues, users can:
- End the call manually using the disconnect button
- Restart the interview process

## Feedback Generation Error Handling

### API Response Validation
When generating feedback after an interview, the application validates API responses:

```typescript
const { success, feedbackId: id } = await createFeedback({
  interviewId: interviewId!,
  userId: userId!,
  transcript: messages,
  feedbackId,
});

if (success && id) {
  router.push(`/interview/${interviewId}/feedback`);
} else {
  console.log(""Error saving feedback"");
  router.push(""/"");
}
```

If feedback generation fails, the system:
1. Logs the error
2. Redirects users to the dashboard instead of showing a broken feedback page

### Navigation Fallbacks
If an interview or its feedback cannot be found during page rendering:

```typescript
const interview = await getInterviewById(id);
if (!interview) redirect(""/"");
```

The application uses Next.js `redirect` to return users to a safe state (the dashboard) rather than showing an error.

### User Experience During Errors
The UI components adapt to different states, including:
- Showing appropriate loading indicators during connecting states
- Providing clear navigation options if an operation fails
- Enabling users to retry interviews when needed

## Client-Side Error Prevention
The application implements interface definitions and type checking using TypeScript to prevent common runtime errors:

```typescript
interface CreateFeedbackParams {
  interviewId: string;
  userId: string;
  transcript: { role: string; content: string }[];
  feedbackId?: string;
}
```

These type definitions help ensure that all required data is properly provided before making API calls.

Would you like me to explore any particular aspect of the error handling in more detail?",The Agent component listens for error events from the Vapi SDK and displays appropriate messages or redirects the user if an error occurs.
How does Grocky support dynamic interview questions?,"When starting an interview, the Agent component can receive a list of questions, which are formatted and passed to the AI interviewer for a customized session.","Based on the information I found, I can explain how Grocky supports dynamic interview questions:

## 🔍 Dynamic Question Generation in Grocky

Grocky is an AI-powered job interview preparation platform that generates personalized interview questions based on several parameters:

### Key Parameters for Question Generation

1. **Job Role** - The specific position the user is interviewing for (e.g., Frontend Developer, Full Stack Developer)
2. **Experience Level** - Junior, Mid-level, Senior, etc.
3. **Technology Stack** - The specific technologies relevant to the job (e.g., React, TypeScript, Node.js)
4. **Interview Type** - The focus of questions (Technical, Behavioral, or Mixed)
5. **Question Amount** - The number of questions to generate

### Technical Implementation

Grocky uses Google's Gemini AI model to generate these customized questions. Here's how it works:

```typescript
try {
    const { text: questions } = await generateText({
      model: google(""gemini-2.0-flash-001""),
      prompt: `Prepare questions for a job interview.
        The job role is ${role}.
        The job experience level is ${level}.
        The tech stack used in the job is: ${techstack}.
        The focus between behavioural and technical questions should lean towards: ${type}.
        The amount of questions required is: ${amount}.
        Please return only the questions, without any additional text.
        The questions are going to be read by a voice assistant so do not use ""/"" or ""*"" or any other special characters which might break the voice assistant.
        Return the questions formatted like this:
        [""Question 1"", ""Question 2"", ""Question 3""]
        
        Thank you! <3
    `,
    });
```

### Storage and Usage

After generation, the questions are:

1. Parsed into a structured format
2. Stored in Firebase along with interview metadata:
   ```typescript
   const interview = {
     role: role,
     type: type,
     level: level,
     techstack: techstack.split("",""),
     questions: JSON.parse(questions),
     userId: userid,
     finalized: true,
     coverImage: getRandomInterviewCover(),
     createdAt: new Date().toISOString(),
   };

   await db.collection(""interviews"").add(interview);
   ```

### Voice Interview Implementation

These dynamic questions are then fed to an AI voice interviewer that:

1. Uses the questions as a structured flow
2. Employs natural language processing to conduct the interview
3. Listens actively to user responses
4. Asks follow-up questions when appropriate
5. Maintains a conversational tone throughout the interview

The voice interviewer is configured with specific parameters:
- Voice: 11labs provider with specific stability, similarity, and speed settings
- Transcriber: Deepgram's Nova-2 model for accurate speech recognition
- AI Model: OpenAI's GPT-4 for handling conversation flow

### Feedback Generation

After the interview, Grocky analyzes the conversation to provide comprehensive feedback, including:
- Overall impression score
- Category-based scoring
- Identified strengths
- Areas for improvement

Would you like me to explain any specific aspect of Grocky's dynamic question generation in more detail?","When starting an interview, the Agent component can receive a list of questions, which are formatted and passed to the AI interviewer for a customized session."
What is the title of the book and who is its author?,"The title of the book is ""Gulliver's Travels into Several Remote Regions of the World."" The author of these travels is introduced as Mr. Lemuel Gulliver.","Based on the documents I've retrieved, I can provide information about two books mentioned in the project:

### 1. Romeo and Juliet
- **Title**: Romeo and Juliet
- **Author**: William Shakespeare
- This is a tragedy about two young star-crossed lovers whose deaths ultimately reconcile their feuding families.
- It was released as an eBook by Project Gutenberg on November 1, 1998, with updates until June 19, 2024.
- The eBook includes a detailed list of characters and the complete text of the play.

### 2. Gulliver's Travels
- **Title**: Gulliver's Travels into Several Remote Regions of the World
- **Author**: Jonathan Swift
- **Editor**: Thomas M. Balliet
- This book follows the adventures of Lemuel Gulliver as he travels to strange and fantastic lands.
- It was originally published in 1726 and released as an eBook by Project Gutenberg on November 26, 2005, with updates until April 4, 2025.

Since your question asked for ""the book"" in singular form, could you please specify which of these books you're interested in learning more about?","The title of the book is ""Gulliver's Travels into Several Remote Regions of the World."" The author of these travels is introduced as Mr. Lemuel Gulliver."
"How has this edition of ""Gulliver's Travels"" been adapted from the original?","This edition is essentially a reprint of the original (1726-27), but with several modifications: the punctuation and capitalization have been modernized, some archaisms have been changed, and the paragraphs have been made more frequent. Additionally, certain passages that might offend modern sensibilities or are considered unsuitable for children have been omitted. The edition also includes footnotes that explain obsolete words and obscure expressions.","Based on the information I've found, this edition of ""Gulliver's Travels"" has been adapted from the original in several key ways:

### Adaptations in Thomas M. Balliet's Edition:

1. **Language Modernization**: 
   - The editor has modernized some of the language
   - Certain archaic expressions have been changed to make the text more accessible to modern readers

2. **Formatting and Structure**:
   - Paragraphs have been made more frequent for easier reading
   - The text has been structured specifically for educational use in schools

3. **Content Editing**:
   - Some passages were omitted that would ""offend modern ears"" and were deemed ""unsuitable for children's reading""
   - Footnotes have been added to explain obsolete words and obscure expressions

4. **Educational Focus**:
   - The book has been specifically adapted for classroom use, suitable for students from ""the fifth or sixth school year to the highest grade of grammar school""
   - Includes illustrations to complement the text and enhance understanding

5. **Simplified Nautical Content**:
   - Technical details related to navigation, winds, tides, and ship management were simplified to better fit ""the general capacity of readers""

This edition recognizes that although Swift did not originally intend the book for children, it was ""soon appropriated by the children,"" and the adaptations make it more suitable for younger readers while preserving the core narrative and adventures. The preface acknowledges that children may not comprehend Swift's political satire but can still enjoy the adventures and moral lessons of the voyages to Lilliput and Brobdingnag.

The edition was published by D.C. Heath & Co. and later digitized as part of Project Gutenberg's eBook collection, with the most recent update noted as April 4, 2025.

Would you like to know more about any specific aspect of these adaptations?","This edition is practically a reprint of the original (1726-27), but the punctuation and capitalization have been modernized, some archaisms changed, and the paragraphs have been made more frequent. Additionally, a few passages that would offend modern ears or are unsuitable for children's reading have been omitted, and some footnotes explaining obsolete words and obscure expressions have been added."
"According to the ""First Publisher to the Reader,"" what is the author's reputation for veracity?","According to the ""First Publisher to the Reader,"" Mr. Lemuel Gulliver was so well-known for his truthfulness that it became a sort of proverb among his neighbors at Redriff. When someone affirmed something to be true, they would say it was ""as true as if Mr. Gulliver had spoken it.""","Based on the information I found in ""The First Publisher to the Reader"" section of Gulliver's Travels, the author (Lemuel Gulliver) had an exceptional reputation for veracity. According to the text:

""There is an air of truth apparent through the whole; and, indeed, the author was so distinguished for his veracity, that it became a sort of proverb among his neighbors at Redriff, when any one affirmed a thing, to say it was as true as if Mr. Gulliver had spoken it.""

This statement indicates that Gulliver's reputation for truthfulness was so well established that it became proverbial among his neighbors. When someone wanted to emphasize that something was absolutely true, they would compare it to Gulliver's word, suggesting he was considered the standard of honesty and truthfulness.

This detail is interesting as it sets up the framing of the fictional narrative as a supposedly true account, which was a common literary device used by Swift to enhance the satirical nature of the work.","According to the ""First Publisher to the Reader,"" the author, Mr. Lemuel Gulliver, was so distinguished for his veracity that it became a sort of proverb among his neighbors at Redriff: when anyone affirmed a thing, they would say it was ""as true as if Mr. Gulliver had spoken it."""
What was found in Gulliver's pockets during the strict search by the Lilliputians?,"During their strict search of Gulliver's pockets, the Lilliputians found: in his right coat-pocket, a large piece of coarse cloth that could serve as a foot-cloth for the emperor's state room; in his left pocket, a huge silver chest with a cover of the same metal, which they couldn't lift. When they opened it, one searcher stepped inside and found himself up to mid-leg in a sort of dust that caused both searchers to sneeze several times. In his right waistcoat pocket, they discovered numerous thin white substances folded over one another.","Based on the information from Gulliver's Travels, I can now tell you what was found in Gulliver's pockets during the strict search conducted by the Lilliputians.

According to the text, the Lilliputians made an exact inventory of everything they found. When they searched Gulliver's pockets, whom they called the ""great man-mountain"" (or ""quinbus flestrin"" in their language), they found:

1. In his right coat-pocket: ""one great piece of coarse cloth, large enough to be a foot-cloth for your majesty's""

2. In his fobs (small pockets typically used for watches):
   - A silver watch
   - A small quantity of gold in a purse

3. Other items found on his person and surrendered to the emperor included:
   - Silver and copper money
   - Nine large pieces of gold and some smaller ones
   - A knife and razor
   - A comb
   - A silver snuffbox
   - A handkerchief
   - A journal-book

The text also mentions that his ""scimitar, pistols, and pouch"" were confiscated separately.

The Lilliputians were particularly fascinated by his watch, which the emperor was very curious to see. It was carried by ""two of his tallest yeomen of the guards"" on a pole upon their shoulders (similar to how draymen in England would carry a barrel of ale). The emperor was amazed by the continuous noise it made and the movement of its minute hand.

Gulliver also notes that he had ""another secret pocket"" which he didn't want searched, containing ""some little necessaries"" that were of no consequence to anyone but himself, though the text doesn't reveal if this pocket was discovered or what it contained.

Would you like to know more about how the Lilliputians reacted to these discoveries or other aspects of Gulliver's adventures in Lilliput?","During the strictest search, the Lilliputians found the following in Gulliver's pockets: In his right coat-pocket, they discovered one great piece of coarse cloth, large enough to be a foot-cloth for their majesty's chief room of state. In his left pocket, they saw a huge silver chest with a cover of the same metal, which they were unable to lift. Upon opening it, one searcher stepping inside found himself up to mid-leg in a sort of dust, part of which caused both searchers to sneeze several times. In his right waistcoat pocket, they found a prodigious number of white, thin substances folded one over another."
"What were the two struggling parties in the Lilliputian empire, and how did they distinguish themselves?","The two struggling political parties in the Lilliputian empire were called Tramecksan and Slamecksan. They distinguished themselves by the height of their shoe heels: high heels (Tramecksan) and low heels (Slamecksan). The high-heel faction claimed to be more aligned with the ancient constitution, but the current emperor favored the low heels in his administration and government appointments. The animosity between these parties was so intense that members would not eat, drink, or talk with each other. The heir to the crown was suspected of having sympathies for the high heels, as one of his heels was higher than the other, giving him a hobble in his gait.","Based on the information retrieved from ""Gulliver's Travels,"" I can now answer your question about the struggling parties in the Lilliputian empire.

## The Struggling Parties in Lilliput

In Jonathan Swift's ""Gulliver's Travels,"" there were two struggling political parties in the Lilliputian empire, which had been in conflict for over seventy moons (lunar cycles). These parties were:

1. **Tramecksan** - They were known as the ""high heels"" faction
2. **Slamecksan** - They were known as the ""low heels"" faction

### How They Distinguished Themselves

The parties distinguished themselves through the height of their shoe heels:

- The **Tramecksan** (high heels) claimed their style was more aligned with Lilliput's ancient constitution
- The **Slamecksan** (low heels) had the favor of the current emperor, who used only low heels in government administration and royal appointments

### Political Dynamics

The text reveals interesting aspects of their political conflict:
- The Tramecksan (high heels) were more numerous in population
- The Slamecksan (low heels) held the greater political power
- The emperor's own heels were lower than anyone else's in his court by at least a ""drurr"" (about 1/14th of an inch)
- The heir to the throne was suspected of having high heel tendencies, as one of his heels was higher than the other, giving him a hobbling gait

The animosity between these two parties was so intense that ""they will neither eat nor drink nor talk with each other,"" demonstrating the deep political division in Lilliputian society.

This political satire was Swift's way of mocking the trivial differences that separated the Whigs and Tories, the two main political parties in England during his time, showing how meaningless distinctions could lead to bitter political rivalries.

Would you like me to explain more about how this political satire relates to Swift's commentary on real-world politics of his era?","The two struggling parties in the Lilliputian empire were named Tramecksan and Slamecksan. They distinguished themselves by the high and low heels of their shoes. The high heels were alleged to be more agreeable to their ancient constitution, but the reigning majesty used only low heels in government administration and crown offices. The animosities between these parties were so high that they would not eat, drink, or talk with each other. The heir to the crown was even suspected of having some tendency towards the high heels, as one of his heels was higher than the other, causing a hobble in his gait."
What was the origin of the war between Lilliput and Blefuscu?,"The war between Lilliput and Blefuscu originated from a dispute over the proper way to break eggs before eating them. Traditionally, eggs were broken at the larger end. However, when the grandfather of the current Lilliputian emperor cut his finger while breaking an egg in this manner, his father issued an edict requiring all subjects to break eggs at the smaller end, under severe penalties. This decree caused significant public resentment, leading to six rebellions in which one emperor lost his life and another his crown. These civil conflicts were continuously encouraged by the rulers of Blefuscu, who offered refuge to exiles from Lilliput. According to estimates, eleven thousand people chose death rather than submit to breaking their eggs at the smaller end.","Based on the information gathered from Jonathan Swift's ""Gulliver's Travels,"" I can now explain the origin of the war between Lilliput and Blefuscu.

# The Origin of the War Between Lilliput and Blefuscu

The war between the two tiny nations originated from a seemingly trivial dispute about how to break eggs. In Lilliput, an ancient religious tradition dictated that eggs should be broken at one end, but there was a disagreement about which end was proper.

## The Egg-Breaking Controversy

According to the text from Gulliver's Travels, the conflict began when:

- An Emperor of Lilliput issued a law commanding all subjects ""to break the smaller end of their eggs.""
- This contradicted what some considered to be traditional practice.
- The people were so outraged by this decree that it led to six rebellions.
- One emperor lost his life and another his crown due to these conflicts.

## The Big-Endians vs. Little-Endians

The dispute created two factions:
- **Big-Endians**: Those who preferred to break eggs at the larger end
- **Little-Endians**: Those who followed the emperor's decree to break eggs at the smaller end

The Big-Endians who refused to comply were persecuted. The text mentions that ""eleven thousand persons have, at several times, suffered death, rather than submit to break their eggs at the smaller end.""

## Escalation to War

The conflict escalated to war between Lilliput and Blefuscu because:

1. The exiled Big-Endians fled to Blefuscu for refuge
2. The monarchs of Blefuscu continuously ""fomented"" civil commotions in Lilliput
3. Blefuscu accused Lilliput of ""making a schism in religion"" by offending against their religious text

The text states that Blefuscu claimed Lilliput was violating a fundamental doctrine of their prophet Lustrog in the ""fifty-fourth chapter of the Blundecral (which is their Alcoran)"" which supposedly stated that ""all true believers break their eggs at the convenient end."" The Lilliputians argued that this was a misinterpretation and that ""convenient end"" could be determined by individual conscience or governmental decree.

The war had been ongoing for ""six-and-thirty moons"" (three years) at the time of Gulliver's account, with both sides suffering significant losses.

## Swift's Satire

This conflict is Swift's satirical commentary on the seemingly trivial religious and political differences that led to significant conflicts in Europe, particularly between Protestants and Catholics, and between England and France. The egg-breaking controversy symbolizes the minor doctrinal differences that led to major religious schisms and wars.

Would you like to know more about how Gulliver became involved in this conflict or about other aspects of the Lilliputian society?","The war between Lilliput and Blefuscu originated from a controversy over the correct way to break eggs before eating them. The primitive method involved breaking the larger end. However, the grandfather of the present Lilliputian majesty cut his finger while breaking an egg in the ancient practice, leading his father, the emperor, to issue an edict commanding all subjects to break eggs at the smaller end, under severe penalties. This law caused significant public resentment, resulting in six rebellions, during which one emperor lost his life and another his crown. These civil commotions were continually incited by the monarchs of Blefuscu, who offered refuge to the exiles. It is estimated that eleven thousand people suffered death rather than submit to breaking their eggs at the smaller end."
What is the approximate size of the natives of Lilliput and their animals?,"The natives of Lilliput are slightly under six inches tall. All other animals, plants, and trees in Lilliput are proportionately sized to match this scale. For example, their tallest horses and oxen stand between four and five inches in height, while their sheep are about an inch and a half tall. Their geese are approximately the size of sparrows, and this proportional scaling continues down to their smallest creatures, which were nearly invisible to Gulliver. The Lilliputians' eyes, however, are adapted to see nearby objects with great precision.","Based on the information I could find, Jonathan Swift's ""Gulliver's Travels"" describes the Lilliputians as extremely tiny people, though I couldn't locate the exact measurements from the document searches. However, according to the classic novel:

The Lilliputians are approximately 6 inches (about 15 centimeters) tall - roughly 1/12th the size of a normal human. This creates the dramatic contrast where Gulliver, an average-sized man, appears as a giant among them, often referred to as the ""Man-Mountain"" by the Lilliputians.

The scale difference extends to their animals and environment as well. Their horses, cattle, and other domestic animals are proportionally tiny, matching the Lilliputians' diminutive stature. Their buildings, farms, and entire landscape are built to scale for people of their size.

The illustrations from the book depict this dramatic difference in scale, showing scenes where:
- Lilliputians climb ladders to reach Gulliver
- Groups of Lilliputians gather around and examine just Gulliver's foot
- Many tiny soldiers are needed to transport Gulliver's pocket watch
- Lilliputian carriages and processions appear toy-like from Gulliver's perspective

This extreme size difference creates much of the wonder and satire in the first part of Swift's novel, as Gulliver navigates the challenges of living among people who are a fraction of his size.

Would you like me to share more about other aspects of the Lilliputians or other parts of Gulliver's Travels?","The common size of the natives of Lilliput is somewhat under six inches high. All other animals, plants, and trees are in exact proportion to this size. For example, the tallest horses and oxen are between four and five inches in height, while sheep are about an inch and a half. Their geese are about the bigness of a sparrow, and the gradations continue downwards to the smallest, which were almost invisible to Gulliver's sight. However, the Lilliputians' eyes are adapted to see nearby objects with great exactness."
What suggestion did Reldresal make regarding Gulliver's punishment for his crimes?,"Reldresal, who was the principal secretary for private affairs and Gulliver's true friend, suggested that if the emperor would spare Gulliver's life in consideration of his services and the emperor's merciful disposition, Gulliver should only have both his eyes put out. Reldresal argued that this punishment would partially satisfy justice and would be praised by the world for the emperor's leniency and the fair proceedings of his counselors. He further contended that losing his eyes would not impair Gulliver's physical strength, allowing him to remain useful to the emperor, and that blindness would actually enhance Gulliver's courage by concealing dangers from him.","Thank you for your patience. Based on the information I found in Gulliver's Travels, I can now answer your question about Reldresal's suggestion regarding Gulliver's punishment.

In the story, when Gulliver was accused of crimes in Lilliput, Reldresal, who was Gulliver's friend and secretary to the monarch, made a suggestion that was intended to be merciful. He proposed that instead of executing Gulliver (which some others wanted), they should merely blind him.

Reldresal specifically argued that:

1. The loss of Gulliver's eyes would not impede his bodily strength, so he could still be useful to the king
2. Blindness would actually be ""an addition to courage"" by concealing dangers from him
3. Gulliver could still ""see by the eyes of the ministers,"" just as the greatest princes do

This proposal was presented as an act of mercy, suggesting that blinding was preferable to execution. The plan was to have twenty surgeons perform the operation by shooting sharp-pointed arrows into Gulliver's eyes as he lay on the ground.

However, this suggestion was actually met with ""utmost disapprobation"" by the board, particularly from Admiral Bolgolam, who was insulted that Reldresal would suggest preserving the life of someone he considered a traitor.

This episode is one of Swift's satirical elements in the book, highlighting the cruelty that can be masked as mercy in politics and the absurdity of punishment systems.

Would you like to know more about how Gulliver responded to this suggestion or what ultimately happened to him in Lilliput?","Reldresal, the principal secretary for private affairs and Gulliver's true friend, suggested that if his majesty would spare Gulliver's life, in consideration of his services and merciful disposition, he should only order both of Gulliver's eyes to be put out. Reldresal argued that this expedient would satisfy justice in some measure and be applauded by the world for the emperor's lenity and the counsellors' fair proceedings. He also contended that the loss of Gulliver's eyes would not impede his bodily strength, allowing him to remain useful to the majesty, and that blindness is an addition to courage by concealing dangers."
How did Gulliver read books in the king's library in Brobdingnag?,"In one of Glumdalclitch's rooms, the queen's joiner built a wooden machine for Gulliver. It was twenty-five feet high and shaped like a standing ladder with steps fifty feet long, functioning as a movable staircase. To read a book, Gulliver would place it leaning against the wall, mount to the top step of the ladder, and turn to face the book. He would read from the top of the page by walking eight to ten paces to the right and left, according to the length of the lines, until he was slightly below eye level with the text. Then he would descend gradually to the bottom of the page and climb back up to begin reading the next page. He could easily turn the pages with both hands, as the leaves were thick and stiff.",Wasn't able to retrieve any context or response,"In one of Glumdalclitch's rooms, the queen's joiner contrived a wooden machine, twenty-five feet high, shaped like a standing ladder with steps fifty feet long, serving as a movable pair of stairs. To read a book, Gulliver would place it leaning against the wall, mount to the upper step of the ladder, and turn his face towards the book. He would read from the top of the page by walking eight or ten paces to the right and left, according to the length of the lines, until he was a little below the level of his eyes. Then, he would descend gradually to the bottom, and remount to begin the next page in the same manner, easily turning over the leaf with both his hands, as the leaves were thick and stiff."
What was the Brobdingnagian king's opinion of European politics and the art of government?,"The Brobdingnagian king strongly detested and despised all mystery, refinement, and intrigue in politics, whether practiced by princes or ministers. He could not comprehend the concept of ""secrets of state"" unless they involved dealings with enemy or rival nations. The king believed that the knowledge of governing should be confined to very narrow bounds, focusing on common sense, reason, justice, lenity (mildness), and the swift resolution of civil and criminal cases, along with other obvious matters he considered not worth discussing in detail. His famous opinion was that whoever could make two ears of corn or two blades of grass grow where only one grew before would deserve better of mankind and do more essential service to his country than the entire race of politicians combined.",Wasn't able to retrieve any context or response,"The Brobdingnagian king professed both to abominate and despise all mystery, refinement, and intrigue, whether in a prince or a minister. He could not comprehend what was meant by ""secrets of state"" unless an enemy or rival nation was involved. He confined the knowledge of governing to very narrow bounds, focusing on common sense and reason, justice and lenity, and the speedy determination of civil and criminal causes, along with other obvious topics he deemed not worth considering. He famously stated his opinion that whoever could make two ears of corn or two blades of grass grow upon a spot of ground where only one grew before would deserve better of mankind and do more essential service to his country than the whole race of politicians put together."
"Who are the characters present at the beginning of the ""Romeo and Juliet"" excerpt?","At the beginning of the Romeo and Juliet excerpt, the characters present are Abram and Balthasar (servants of the Montague household), and Sampson and Gregory (servants of the Capulet household). These characters appear in the opening scene of the play, where the rivalry between the two houses begins to manifest through their servants' confrontation.","Based on the knowledge base information about ""Romeo and Juliet,"" I can tell you about the characters present at the beginning of the play:

At the very beginning of ""Romeo and Juliet,"" only the Chorus appears. The play opens with a prologue delivered by this character, who sets the scene for the audience by explaining:

""Two households, both alike in dignity,
In fair Verona, where we lay our scene,
From ancient grudge break to new mutiny,
Where civil blood makes civil hands unclean.""

The Chorus introduces the conflict between the two families and foreshadows the fate of the ""star-cross'd lovers"" whose deaths will ultimately reconcile their feuding families.

Following the prologue, the first scene proper (Act I, Scene I) begins in a public place in Verona with servants of the two households - specifically Sampson and Gregory, who are servants to the Capulet family. The scene gradually brings in more characters as a street brawl develops.

Is there anything specific about these opening characters or the beginning of the play that you'd like to know more about?","At the beginning of the excerpt, the characters present are Abram and Balthasar, and Sampson and Gregory."
How does Romeo describe his current state to Benvolio?,"Romeo describes his current state to Benvolio as being: ""Not mad, but bound more than a madman is: Shut up in prison, kept without my food, Whipp'd and tormented."" This poetic description conveys his feeling of being emotionally imprisoned and suffering due to his unrequited love for Rosaline (whom he pines for before meeting Juliet). He uses the imagery of confinement, starvation, and physical punishment to express his emotional pain, suggesting that while he is not literally insane, his condition of lovesickness has placed him in a state of suffering that exceeds even that of a madman.","Based on the information found in Shakespeare's ""Romeo and Juliet,"" I can answer your question about how Romeo describes his current state to Benvolio.

In Act I, Romeo describes himself as being in a state of deep melancholy and lovesickness. When asked about his condition by Benvolio, Romeo uses several vivid metaphors to characterize his emotional state:

1. He describes love as ""a smoke made with the fume of sighs"" and ""a madness most discreet, a choking gall, and a preserving sweet.""

2. When Benvolio presses him further, Romeo says, ""Tut! I have lost myself; I am not here. This is not Romeo, he's some other where."" This indicates his feeling of being disconnected from himself due to his unrequited love.

3. He likens himself to someone who is sick when he tells Benvolio that asking him to explain his love is like asking ""a sick man in sadness make his will.""

Additionally, Benvolio later informs Romeo's parents about his behavior, explaining that Romeo has been seen early in the mornings walking underneath the grove of sycamore west of the city, weeping and adding to the morning dew with his tears. Romeo then avoids the daylight, shutting himself in his chamber and creating ""an artificial night"" for himself.

This pattern of behavior - seeking solitude, avoiding light, wandering in melancholy early in the morning - reveals the depth of Romeo's emotional distress before he meets Juliet.","Romeo describes himself as ""Not mad, but bound more than a madman is: Shut up in prison, kept without my food, Whipp’d and tormented."""
What does the Nurse say about Juliet's disposition towards marriage?,"When Lady Capulet asks Juliet how she stands disposed to be married, Juliet replies, ""It is an honour that I dream not of."" The Nurse then exclaims, ""An honour! Were not I thine only nurse, I would say thou hadst suck'd wisdom from thy teat."" The Nurse's comment is both humorous and approving of Juliet's response. She is essentially saying that Juliet's answer is so wise that if the Nurse hadn't been her only wet nurse, she would think Juliet had literally nursed wisdom from her breast. The remark suggests the Nurse finds Juliet's lack of eagerness toward marriage sensible and mature, though it also contains the Nurse's characteristic earthiness and tendency toward bawdy humor.","Based on the text from Romeo and Juliet, I can provide you with information about what the Nurse says regarding Juliet's disposition towards marriage:

In Act 1, when Lady Capulet asks Juliet directly about her thoughts on marriage (""How stands your disposition to be married?""), Juliet responds that it is ""an honour that I dream not of,"" indicating she hasn't given marriage much thought. 

The Nurse's immediate reaction is significant:

> ""An honour! Were not I thine only nurse, 
> I would say thou hadst suck'd wisdom from thy teat.""

The Nurse approves of Juliet's modest response, suggesting it shows wisdom. However, throughout the play, the Nurse's position on Juliet's marriage changes:

1. Initially, the Nurse expresses her wish to see Juliet married, stating: ""And I might live to see thee married once, I have my wish.""

2. When Paris is proposed as a suitor, the Nurse enthusiastically endorses him: ""A man, young lady! Lady, such a man As all the world—why he's a man of wax."" This indicates she considers Paris an excellent match.

3. Later in the play, after Romeo is banished, the Nurse advises Juliet to forget Romeo and marry Paris: ""I think it best you married with the County. O, he's a lovely gentleman. Romeo's a dishclout to him."" She even claims that Paris is superior to Romeo and that this second match ""excels your first.""

4. When Juliet asks if she speaks from her heart, the Nurse confirms: ""And from my soul too, Or else beshrew them both,"" showing she genuinely believes marrying Paris is the practical choice.

The Nurse also reveals to Romeo that Juliet ""had as lief see a toad, a very toad, as see him [Paris],"" indicating that she was aware of Juliet's initial dislike of Paris before she met Romeo.

Throughout the play, the Nurse's comments reveal she sees marriage primarily as a practical arrangement rather than a matter of love, eventually prioritizing Juliet's social standing over her personal happiness.","When Lady Capulet asks Juliet how she stands disposed to be married, Juliet replies, ""It is an honour that I dream not of."" The Nurse then exclaims, ""An honour! Were not I thine only nurse, I would say thou hadst suck’d wisdom from thy teat."""
"Who is Queen Mab, according to Mercutio's description?","According to Mercutio's description, Queen Mab is the fairies' midwife who brings dreams to people as they sleep. She is incredibly tiny, ""no bigger than an agate-stone on the fore-finger of an alderman,"" and travels in a miniature wagon drawn by ""a team of little atomies"" (tiny creatures) over men's noses as they lie asleep. Her elaborate fairy equipage is described in detail: her wagon-spokes are made of long spinners' legs, the cover is made of grasshoppers' wings, the traces (harness straps) are made of the smallest spider's web, and her collars are made of moonshine's watery beams. Her whip is a cricket's bone with a lash of film, and her driver is a small gray-coated gnat. Her chariot is an empty hazelnut shell, made by a joiner squirrel or old grub. In this tiny vehicle, she visits sleepers and influences their dreams according to their personalities and positions in life—bringing dreams of love to lovers, of courtly bows to courtiers, of legal fees to lawyers, of kisses to ladies, of benefices to parsons, and of military glory to soldiers. Mercutio further describes her as the one who tangles horses' manes at night, bakes elf-locks in foul sluttish hairs, and acts as a type of succubus or nightmare figure who ""presses"" maids as they lie on their backs, ""making them women of good carriage."" Queen Mab thus emerges as a mischievous, sometimes troubling fairy figure who influences human fantasies and desires through dreams.","Based on the information I've found, I can now provide you with a comprehensive response about Queen Mab according to Mercutio's description in Shakespeare's ""Romeo and Juliet.""

# Queen Mab: According to Mercutio's Description

In Shakespeare's ""Romeo and Juliet,"" Mercutio delivers a famous speech about Queen Mab, describing her as a tiny fairy who visits people in their dreams. This vivid description reveals much about the character's imagination and the supernatural beliefs of the time.

## The Fairy Midwife

Mercutio describes Queen Mab as ""the fairies' midwife"" who comes to dreamers in an incredibly tiny form - ""no bigger than an agate-stone on the fore-finger of an alderman."" This suggests she helps deliver dreams to people's minds, rather than delivering babies.

## Her Miniature Appearance and Carriage

Queen Mab's carriage is described in elaborate detail, showcasing her diminutive size:
- She is drawn by ""a team of little atomies"" (tiny creatures)
- Her wagon spokes are made of ""long spinners' legs"" (spider legs)
- The cover is made from ""wings of grasshoppers""
- The traces (harness straps) are ""the smallest spider's web""
- The collars are ""moonshine's watery beams""
- Her whip is made of ""cricket's bone"" with a lash of ""film""
- Her driver is ""a small grey-coated gnat"" not half as big as a tiny worm
- Her chariot is ""an empty hazelnut"" made by a squirrel or grub

## Her Dream Influence

Queen Mab visits different types of sleepers, influencing their dreams according to their daily preoccupations:
- She gallops over lovers' brains, making them ""dream of love""
- She drives over courtiers' knees, making them dream of ""curtsies""
- She travels over lawyers' fingers, causing them to dream of ""fees""

## Her Mischievous Nature

Mercutio also describes Mab's more troublesome activities:
- ""Plats the manes of horses in the night"" (tangles horses' manes)
- ""Bakes the elf-locks in foul sluttish hairs"" (tangles human hair)
- When she passes over ladies' lips, she sometimes makes them dream of kisses
- She is called ""the hag"" who presses down on maids as they sleep on their backs

## The Meaning Behind the Speech

When Romeo interrupts Mercutio's elaborate description, Mercutio admits he is talking of ""dreams, which are the children of an idle brain, begot of nothing but vain fantasy."" This suggests Queen Mab represents the power of imagination and the fleeting, insubstantial nature of dreams and fantasies.

Mercutio's Queen Mab speech reveals his witty, imaginative character while also serving as a warning about the deceptive nature of dreams and desires - a theme that becomes tragically relevant as the play progresses.

Would you like me to explore any particular aspect of Queen Mab's description in more detail?","According to Mercutio, Queen Mab is the fairies’ midwife. She comes in a shape no bigger than an agate-stone on the fore-finger of an alderman, drawn by a team of little atomies over men’s noses as they lie asleep. Her waggon-spokes are made of long spinners’ legs, the cover of grasshoppers’ wings, her traces of the smallest spider’s web, and her collars of the moonshine’s watery beams. Her whip is made of a cricket’s bone with a lash of film, and her waggoner is a small grey-coated gnat. Her chariot is an empty hazelnut, made by the joiner squirrel or old grub."
What happens when Romeo kisses Juliet for the first time in the excerpt?,"When Romeo kisses Juliet for the first time in the excerpt, their interaction unfolds through a charming dialogue that uses religious imagery. The exchange begins with Romeo comparing himself to a pilgrim and Juliet to a saint, saying his lips are ""two blushing pilgrims"" ready to smooth Juliet's hand with a tender kiss. Juliet playfully responds that saints have hands that pilgrims' hands can touch, and ""palm to palm is holy palmers' kiss."" She suggests that hands touching is already a form of kiss appropriate for pilgrims and saints. Romeo then cleverly extends the metaphor, saying that lips, like hands, can be used in prayer. Juliet agrees but notes that saints do not move their lips even when granting prayers. This gives Romeo the opening to say, ""Then move not, while my prayer's effect I take,"" as he kisses her. After the kiss, Romeo declares, ""Thus from my lips, by thine my sin is purg'd,"" continuing the religious imagery by suggesting the kiss has cleansed him of sin. Juliet wittily responds that now her lips have the sin he took from his. This prompts Romeo to ask for his sin back, leading to a second kiss. After this second kiss, Juliet remarks, ""You kiss by the book,"" which could mean either that Romeo kisses skillfully as if he had studied the art, or perhaps that he follows the expected romantic conventions too precisely. The entire exchange is filled with wordplay, religious imagery, and mutual attraction, marking the beginning of their passionate relationship.","# Romeo and Juliet's First Kiss

In Shakespeare's ""Romeo and Juliet,"" the first kiss between the two lovers happens during their initial meeting at the Capulet masquerade ball. This moment is significant as it marks the beginning of their love story, despite being from feuding families.

## The Context of the Kiss

When Romeo first sees Juliet at the ball, he is immediately struck by her beauty. He approaches her, and they engage in a conversation that takes the form of a shared sonnet - a poetic device Shakespeare uses to highlight their perfect connection and compatibility.

## How the Kiss Unfolds

During their conversation, Romeo and Juliet engage in religious imagery, with Romeo comparing himself to a pilgrim and Juliet to a saint:

1. Romeo begins by comparing his lips to ""blushing pilgrims"" that wish to kiss her hand
2. Juliet responds that pilgrims should use their hands for touching, not their lips
3. Romeo cleverly argues that saints and pilgrims have lips too
4. Juliet counters that lips are meant for prayer
5. Romeo then suggests that lips should ""do what hands do"" - pray through touch
6. When Juliet remarks that saints don't move, Romeo takes this as permission

The kiss itself occurs when Romeo says: ""Then move not while my prayer's effect I take"" and proceeds to kiss her. The stage direction ""[Kissing her.]"" indicates the moment it happens.

## What Happens After the Kiss

After their first kiss, Juliet playfully remarks that now her lips have the ""sin"" that his had. Romeo seizes this opportunity for another kiss, saying ""Give me my sin again,"" to which Juliet responds with the famous line ""You kiss by the book,"" suggesting his technique is skillful or perhaps practiced.

Their romantic moment is interrupted by Juliet's Nurse, who calls her away because her mother wants to speak with her. This marks the end of their first encounter, though they've already fallen deeply in love.

The first kiss between Romeo and Juliet represents the immediate and powerful connection between them - a love that develops instantly but will ultimately lead to their tragic fate.

Would you like to know more about the characters' reactions to the kiss or how this moment impacts the rest of the play?","When Romeo initiates a kiss, saying his lips are ""two blushing pilgrims"" ready to smooth her hand with a tender kiss, Juliet playfully replies that saints have hands that pilgrims' hands do touch, and ""palm to palm is holy palmers’ kiss."" Romeo then suggests that lips, like hands, can be used in prayer, to which Juliet agrees, but notes saints do not move though they grant prayers. Romeo then kisses her, declaring, ""Thus from my lips, by thine my sin is purg’d."" Juliet responds that her lips now have the sin they took, and when Romeo asks for his sin back, she remarks, ""You kiss by the book."""
What does Friar Lawrence collect in his basket at the beginning of Scene III?,"At the beginning of Scene III, Friar Lawrence enters with a basket and states that he must ""upfill this osier cage of ours with baleful weeds and precious-juiced flowers."" This indicates that he is collecting both poisonous plants (""baleful weeds"") and healing flowers with valuable extracts (""precious-juiced flowers"") in his wicker basket. This activity establishes Friar Lawrence's knowledge of plants and their medicinal and poisonous properties, which becomes significant later in the play when he provides Juliet with the potion that simulates death.","Based on the information I've found in Shakespeare's ""Romeo and Juliet,"" I can now answer your question:

At the beginning of Scene III, Friar Lawrence enters his cell carrying a basket that he intends to fill with ""baleful weeds and precious-juiced flowers."" In his opening soliloquy, he mentions that he must ""upfill this osier cage of ours"" (osier referring to a type of willow used to make baskets) with these plants.

Friar Lawrence is gathering these herbs and flowers for their medicinal and poisonous properties. As he continues speaking, he reflects on how plants can have both beneficial and harmful qualities, noting that ""Within the infant rind of this weak flower, poison hath residence, and medicine power."" This foreshadows his later role in providing Juliet with a potion that will make her appear dead.

The friar's knowledge of plants and their properties is an important aspect of his character as he serves as both a religious guide and a kind of apothecary in the play.","At the beginning of Scene III, Friar Lawrence enters with a basket and states that he must ""upfill this osier cage of ours With baleful weeds and precious-juiced flowers."""
What does Benvolio tell Mercutio about Tybalt?,"Benvolio informs Mercutio that Tybalt, the kinsman to old Capulet, has sent a letter to Romeo's father's house. Mercutio immediately deduces it is ""A challenge, on my life,"" and Benvolio confirms that Romeo will answer the letter's master, implying a duel.","Based on the information from Romeo and Juliet, I can answer your question about what Benvolio tells Mercutio about Tybalt.

In Act III, Scene I of Romeo and Juliet, Benvolio warns Mercutio about the potential for conflict with Tybalt and the Capulets. Specifically, Benvolio tells Mercutio:

""I pray thee, good Mercutio, let's retire:
The day is hot, the Capulets abroad,
And if we meet, we shall not scape a brawl,
For now these hot days, is the mad blood stirring.""

Benvolio is cautioning Mercutio that:
1. The weather is hot
2. The Capulets (including Tybalt) are out in public
3. If they encounter the Capulets, a fight will likely break out
4. The hot weather makes everyone's tempers shorter and more prone to conflict

Benvolio is being prudent and trying to avoid the confrontation with Tybalt that eventually leads to tragedy. Later in the scene, when Tybalt appears, Benvolio also suggests they either withdraw to a private place to discuss grievances or leave entirely, saying ""We talk here in the public haunt of men. Either withdraw unto some private place, and reason coldly of your grievances, or else depart; here all eyes gaze on us.""

Unfortunately, Mercutio ignores Benvolio's warnings, leading to the fatal confrontation with Tybalt that results in Mercutio's death and eventually Romeo's banishment.","Benvolio informs Mercutio that Tybalt, the kinsman to old Capulet, has sent a letter to Romeo’s father’s house. Mercutio immediately deduces it is ""A challenge, on my life,"" and Benvolio confirms that Romeo will answer the letter's master, implying a duel."
How does Mercutio describe Tybalt as a fighter?,"Mercutio describes Tybalt as ""More than Prince of cats"" and ""the courageous captain of compliments."" He fights with precision, keeping ""time, distance, and proportion,"" and rests his minim rest before a thrust into the opponent's bosom, calling him ""the very butcher of a silk button."" Mercutio also refers to him as a ""duellist, a duellist; a gentleman of the very first house, of the first and second cause,"" mentioning specific fencing terms like the ""passado, the punto reverso, the hay.""","Based on the search results from ""Romeo and Juliet,"" I can provide you with details about how Mercutio describes Tybalt as a fighter:

## Mercutio's Description of Tybalt as a Fighter

Mercutio describes Tybalt with colorful and precise language that reveals Tybalt's fighting style and reputation:

1. **""More than Prince of Cats""** - This nickname suggests Tybalt is agile, quick, and predatory in his fighting style.

2. **""The courageous captain of compliments""** - Indicating that Tybalt is very formal and precise in his approach to dueling, following the strict codes of honor and etiquette.

3. **""He fights as you sing prick-song""** - This is a particularly revealing description. Prick-song refers to written music (with notes ""pricked"" or dotted on the page) that must be followed exactly. Mercutio is saying that Tybalt fights with technical precision, following formal dueling techniques perfectly, almost like reading musical notation.

4. When challenging Tybalt directly, Mercutio calls him **""Good King of Cats""** and threatens to take ""one of your nine lives,"" further emphasizing the cat-like qualities he sees in Tybalt.

5. He also mockingly calls Tybalt a **""rat-catcher,""** suggesting that while Tybalt may be skilled, Mercutio views his precision and formality with some contempt.

This characterization shows Tybalt as a technically skilled, precise fighter who follows formal dueling methods meticulously, but Mercutio seems to find this style somewhat pretentious and worthy of mockery.

Would you like me to elaborate on any specific aspect of Mercutio's description or explain more about the significance of these characterizations in the play?","Mercutio describes Tybalt as ""More than Prince of cats"" and ""the courageous captain of compliments."" He fights with precision, keeping ""time, distance, and proportion,"" and rests his minim rest before a thrust into the opponent's bosom, calling him ""the very butcher of a silk button."" Mercutio also refers to him as a ""duellist, a duellist; a gentleman of the very first house, of the first and second cause,"" mentioning specific fencing terms like the ""passado, the punto reverso, the hay."""
What is Peter's request to the musicians after the Capulet family exits?,"After the Capulet family exits, Peter approaches the musicians and asks them to play ""Heart's ease,"" saying ""O musicians, because my heart itself plays 'My heart is full'. O play me some merry dump to comfort me."" He insists on this song to comfort his sorrowful heart.",Wasn't able to retrieve any context or response,"After the Capulet family exits, Peter approaches the musicians and asks them to play ""Heart’s ease,"" or if they want him to live, to ""play 'Heart’s ease'."" He explains that he wants this because his ""heart itself plays 'My heart is full'"" and asks for ""some merry dump to comfort me."""
"What is the first musician's explanation for ""silver sound"" in the song lyrics Peter recites?","When Peter questions ""Why 'silver sound'? Why 'music with her silver sound'?"", the first musician, Simon Catling, replies, ""Marry, sir, because silver hath a sweet sound.""",Wasn't able to retrieve any context or response,"When Peter questions ""Why 'silver sound'? Why 'music with her silver sound'?"", the first musician, Simon Catling, replies, ""Marry, sir, because silver hath a sweet sound."""
