,user_input,retrieved_contexts,response,reference,answer_relevancy,factual_correctness(mode=f1),nv_accuracy
0,"Who is the signatory of this official 1978 letter from the Department of Health, Education, and Welfare's Food and Drug Administration, and what was their position within the organization?",[''],"

Perfect! I found the 1978 FDA letter you're asking about. Based on the search results, I can provide you with the specific information about the signatory:

## 📝 1978 FDA Letter Signatory

**Signatory:** Donald Plumb

**Position:** Assistant to the Director, Division of Regulatory Guidance, Bureau of Foods

## 📋 Additional Letter Details

- **Date:** July 24, 1978
- **Organization:** Department of Health, Education, and Welfare - Food and Drug Administration
- **Reference Number:** F78-17347
- **Recipient:** Letitia Brewster at the Center for Science in the Public Interest, Washington, D.C.
- **Purpose:** Providing meeting minutes from a May 5, 1978 meeting concerning labeling, as requested in a June 26, 1978 letter

The letter was part of official FDA correspondence regarding regulatory matters related to food labeling standards and consumer protection.","The letter is signed by Donald Plumb, who served as Assistant to the Director of the Division of Regulatory Guidance in the Bureau of Foods at the FDA. His signature appears above his typed name and title in the document. The letter, dated July 24, 1978, was sent to Letitia Brewster at the Center for Science in the Public Interest, confirming that a copy of meeting minutes regarding labeling from May 5, 1978 was enclosed as requested. The document includes reference number F78-17347 and was issued from the FDA's Washington, D.C. office. The letterhead features the official seal of the Department of Health, Education, and Welfare.",0.9267944492681476,0.67,1.0
1,"Based on the corporate document policy shown in this image, what is the specific title or purpose of Policy No. 18 as referenced in Article 2 of the Document Control Policy?",[''],"

Based on my search through the knowledge base, I can see that there is a Document Control Policy No. 8 that discusses general provisions for document management. According to the document analysis:

**📋 Document Control Policy Analysis**

From the available Document Control Policy No. 8 (""General Provisions""), I can confirm that:

- **Article 2** states that ""documents must be handled according to various specified policies""
- The policy references multiple other policies that govern document handling

However, I cannot find the specific title or purpose of **Policy No. 18** in the available documents. The Document Control Policy No. 8 mentions that documents should be handled according to ""various specified policies,"" which would include Policy No. 18, but the actual content or title of Policy No. 18 is not visible in the documents I have access to.

**🔍 What I Found:**
- Policy No. 8 covers ""General Provisions"" for document control
- Article 2 references compliance with various other specified policies
- The document establishes standards for creation, storage, and disposal of documents
- Definitions are provided for ""Documents,"" ""Disks,"" and ""Storage""

To provide the specific title and purpose of Policy No. 18, I would need access to either:
1. The complete policy manual showing all numbered policies
2. A document that specifically references Policy No. 18 by name
3. The actual image you mentioned, as I don't see any image attached to your message

Could you please share the image you're referring to, or provide additional context about where Policy No. 18 is referenced?","According to the document visible in the image, Policy No. 18 is explicitly identified as the ""Policy on Confidential Information Management."" This reference appears in Article 2 (General Provisions) of Policy No. 8 regarding Document Control. The document shows that the company's document handling procedures must follow multiple policies, including Policy No. 6 (Policy on Handling Contract Documents, etc, and Corporate Seals), Policy No. 18 (Policy on Confidential Information Management), and Policy No. 67 (Policy on IT Security). Policy No. 18 appears to be part of an integrated framework of document management policies that collectively govern how the company handles various types of information, with specific focus on confidential information management.",0.0,0.5,0.0
2,"According to the expenditure chart for health care services in Cuyahoga County shown in Figure V-8, in which year between 1955 and 1960 did the Family and Child Welfare Programs (including public assistance and other health and welfare programs) receive the lowest total funding allocation?",[''],"

Perfect! I found the document containing Figure V-8. Based on the search results, I can see the detailed description of the chart showing expenditures for health care services in Cuyahoga County from 1955 to 1960.

According to the document analysis of Figure V-8, the chart displays expenditures for health care services under public health and family and child welfare programs in Cuyahoga County, showing data for both **1955 and 1960**. 

The chart is divided into two main categories:
1. **Local Health Dept Programs** (including nursing and school health services)
2. **Family and Child Welfare Programs** (including public assistance and other health and welfare programs)

However, the search result only provides a general description of the chart structure but doesn't include the specific numerical values that would allow me to determine which year had the lowest funding allocation for Family and Child Welfare Programs.

Based on the document description, the chart shows data for only **two years: 1955 and 1960**. Since your question asks specifically about ""which year between 1955 and 1960"" received the lowest funding, and the chart only displays these two endpoint years, the answer would be whichever of these two years shows the lower total funding amount for Family and Child Welfare Programs.

To provide you with the specific year, I would need to see the actual numerical values displayed in the chart, which aren't detailed in the document analysis provided. The chart shows funding sources (Local, State, Federal, and Private) with percentages and amounts in thousands of dollars, but the specific totals for each year aren't included in this text description.

If you have access to the actual chart image, you could compare the total bar heights for the Family and Child Welfare Programs between 1955 and 1960 to determine which year had the lower funding allocation.","Based on the bar chart presented in Figure V-8, the Family and Child Welfare Programs received the least funding in 1955, with a total of $709,000. This is significantly lower than the $1,897,000 allocated in 1960 for the same programs. The 1955 funding was distributed across three sources: local (25% of total), state (48% of total), and private (27% of total) funding. By comparison, both the Local Health Department Programs received higher funding in both years shown, with $1,906,000 in 1955 and $2,496,000 in 1960. The chart clearly illustrates a substantial increase in funding for Family and Child Welfare Programs between 1955 and 1960, with the 1960 amount being more than 2.5 times the 1955 allocation.",0.0,0.31,0.0
3,"According to the research document on paper development, which specific chemical compound's effect is being evaluated on IP (Internal Penetration) using the base sheet 99103A-12 Coresta as shown in section I.2 of the technical report?",[''],"

Based on my search through the project knowledge base, I found the research document on paper development (Document 289.png) that contains the information you're asking about. 

According to this technical report on RIP (Reduced Ignition Propensity) paper development, the specific chemical compound being evaluated for its effect on IP (Internal Penetration) using the base sheet 99103A-12 Coresta in section I.2 is **citrate**.

The document shows that the research involved:
- A collaboration with Ecusta to develop RIP paper
- Testing the effect of **citrate** on IP (Internal Penetration) using base sheets
- Tables showing citrate concentration and its relationship to RIP-4 results
- Data on citrate percentages, alkali metals, and corresponding RIP-4 outcomes

The study was examining how different concentrations of citrate affected the ignition propensity properties of the cigarette paper using the standardized Coresta base sheet 99103A-12 as the testing medium.","Based on the image, citrate is the compound being evaluated for its effect on IP (Internal Penetration). This is clearly indicated in section I.2 of the document titled ""Determine Effect of Citrate on IP (Base Sheet 99103A-12 Coresta)."" The document presents experimental data showing various citrate concentrations (ranging from 0.25% to 1.00%) combined with different alkali metals (NA+, K+, and NA+/K+ combinations) and their corresponding RIP-4 results. The experiment appears to be part of a collaboration with Ecusta to develop RIP paper, with citrate being a key variable in the study of paper performance characteristics.",0.9520619019276971,0.7,1.0
4,"According to the Consumer Dynamics GPC report from B&W shown in this document, what percentage of market share does the company hold in the 21-25 age demographic segment, and how does this figure compare to their other performance metrics?",[''],"

Perfect! I found the B&W GPC Consumer Dynamics report. Based on the search results, I can provide you with the specific information about the 21-25 age demographic market share and compare it to other performance metrics.

## 📊 B&W GPC Consumer Dynamics Analysis

According to the B&W Consumer Dynamics GPC report (document 287.png from USMM 1/95-6/95, 12-Month Data), the **Share of the 21-25 Segment is 2.5%** with an index of (64).

### Performance Metrics Comparison:

**Market Share Performance:**
- **21-25 Age Segment Share: 2.5%** (Index: 64) 📉

**Consumer Retention Metrics:**
- **Retention of Franchise: 83.6%** (Index: 103) ✅
- **Rate of Switching Losses: 9.0%** (Index: 85) 📈
- **Rate of Quitting Losses: 7.4%** (Index: 89) 📈

**Brand Loyalty & Market Performance:**
- **Single Brand Users in Franchise: 48.5%** (Index: 69) 📊
- **Share of Industry Switchers Gained: 11.4%** (Index: 285) 🔥

### Key Insights:

The **2.5% share of the 21-25 demographic** appears to be an underperforming segment for B&W's GPC brand, as evidenced by the low index of 64 (suggesting below-average performance compared to baseline expectations).

**Strengths:**
- Excellent franchise retention at 83.6% (index 103)
- Outstanding performance in gaining industry switchers at 11.4% (index 285 - nearly 3x baseline)

**Areas for Improvement:**
- Young adult market penetration (21-25 segment) is significantly below expectations
- Single brand user loyalty could be strengthened

The data suggests that while B&W's GPC performs exceptionally well at attracting switchers from competitors and retaining existing customers, it struggles to capture significant market share among younger consumers aged 21-25.","Based on the B&W Consumer Dynamics GPC report displayed in the image, the share of the 21-25 segment is precisely 2.5%, with an index value of 64 shown in parentheses. This appears to be one of the lowest metrics on the report, significantly lower than their overall franchise retention rate of 83.6% (index 103). The document also shows that 48.5% of their franchise consists of single brand users, and they've gained 11.4% share of industry switchers. This information comes from USMM data covering the period from January 1995 to June 1995 (12-month data), as noted at the bottom of the report. The low index value of 64 for the 21-25 segment suggests this is an underperforming demographic compared to some benchmark.",0.9599764963024667,0.73,1.0
5,"What is the specific date on which this formal correspondence from Takeda Pharmaceuticals North America, Inc. to Dr. David Orloff at the FDA's Division of Metabolic & Endocrine Drug Products was issued, as indicated in the letter header?",[''],"

Perfect! I found the document. Based on the search results, I can see the specific information about the Takeda Pharmaceuticals correspondence.

The formal correspondence from Takeda Pharmaceuticals North America, Inc. to Dr. David Orloff at the FDA's Division of Metabolic & Endocrine Drug Products was issued on **November 18, 2002**.

This information comes from the document analysis which shows: ""This document is a response letter dated November 18, 2002, from Takeda Pharmaceuticals North America, Inc., addressed to Dr. David Orloff of the Food and Drug Administration's (FDA) Division of Metabolic & Endocrine Drug Products. The letter pertains to ACTOS (pioglitazone HCl) tablets of varying dosages.""","The letter was sent on November 18, 2002, as clearly indicated in the date line positioned near the top of the document. This formal correspondence from Takeda Pharmaceuticals North America, Inc. was addressed to Dr. David Orloff at the FDA regarding ACTOS® (pioglitazone HCl) Tablets. The document appears to be a response to an FDA request for information concerning a clinical trial, specifically addressing the breaking of study medication blind on two patients who were discontinued from the study. The date is positioned on the left side of the page below the company letterhead and before the recipient's address details.",0.9427236267148067,0.53,1.0
6,"According to the ITC Employee Stock Option Scheme data shown in this annexure to the Report of Directors dated March 31, 2009, what is the total cumulative number of stock options that were granted or allocated by ITC Limited across all years from 2001 through 2006 as displayed in the summary table?",[''],"

I can see that I've found the right document (4731.png) which contains the ITC Employee Stock Option Scheme annexure dated March 31, 2009. However, the search results show only the general description of the document content but not the specific numerical data from the table that would show the cumulative totals for 2001-2006.

Based on the information I have from the project documents summary, I can see this refers to Document 51 in the project summary (4731.png), which states:

""This document is an annexure to the report of directors for ITC Limited, dated March 31, 2009. It details the employee stock option schemes, including the total number of options granted, pricing formulas, and number of options exercised over the years 2001-2008. The document summarizes financial metrics related to options, such as money realized and options lapsed, under guidelines from the Securities and Exchange Board of India.""

However, I don't have access to the specific numerical values from the summary table that would show the exact cumulative number of stock options granted from 2001-2006. The search results confirm this is the correct document, but the detailed tabular data with specific numbers for each year is not included in the extracted text.

Based on the available information, I can confirm that there is an ITC Employee Stock Option Scheme annexure to the Report of Directors dated March 31, 2009, which contains detailed tabulated data showing the total number of options granted, allocated, and exercised from 2001 to 2008. However, I cannot provide the specific cumulative total of stock options granted from 2001-2006 as the detailed numerical values from the summary table are not included in the searchable text content.

To get the exact cumulative number you're looking for, you would need to refer directly to the summary table in the original document (4731.png) and add up the annual figures for options granted/allocated for the years 2001 through 2006.","Based on the document, the total number of options granted/allocated from 2001 to 2006 under the ITC Employee Stock Option Scheme is 1,08,35,696. This figure appears in the ""Total"" column of the table in section (a) ""Total number of Options granted/allocated."" The document shows a year-by-year breakdown of these grants: 3,39,119 options in 2001, 6,27,070 in 2002, 11,82,616 in 2003, 11,43,195 in 2004, 14,48,071 in 2005, and 60,95,625 in 2006, which together sum to the total of 1,08,35,696 options. This information is part of a disclosure made pursuant to Clause 12 of the Securities and Exchange Board of India (Employee Stock Option Scheme and Employee Stock Purchase Scheme) Guidelines, 1999.",0.0,0.17,0.0
7,"According to the clinical trial flow chart shown in this document, out of the 100 study subjects who were enrolled in the drug trial, how many of them underwent and completed a baseline angiogram procedure as part of the initial assessment?",[''],"

Perfect! I found the clinical trial flow chart information. Based on the documents in your project, I can answer your question about the baseline angiogram procedures.

According to the clinical trial flow chart shown in the documents, **81 subjects out of the 100 enrolled study subjects underwent and completed a baseline angiogram procedure** as part of the initial assessment.

Here's the breakdown from the flow chart:
- 103 subjects initially signed consent forms
- 100 subjects were enrolled in the drug study  
- Of those 100 enrolled subjects:
  - **81 subjects had a baseline angiogram**
  - 19 subjects refused to continue in the study

The flow chart further shows that among the 81 subjects who had baseline angiograms:
- 63 subjects underwent IVUS (intravascular ultrasound)
- 18 subjects did not undergo IVUS due to all SVGs (saphenous vein grafts) being occluded or diseased

So to directly answer your question: **81 out of 100 enrolled subjects** completed the baseline angiogram procedure.","Based on the clinical trial flow diagram presented in the image, 81 subjects had a baseline angiogram. The flow chart clearly shows that out of the initial 103 subjects who signed consent forms, 100 were enrolled in the drug study. Of these 100 enrolled subjects, the diagram branches to show that 81 subjects had a baseline angiogram performed, while 19 subjects refused to continue in the study (as noted in Table 2). The diagram further breaks down the 81 subjects with baseline angiograms into two groups: 63 with IVUS and 18 without IVUS (where ""All SVG occluded or diseased"" is noted for the latter group). This hierarchical structure clearly demonstrates that 81% of the enrolled subjects completed the baseline angiogram procedure.",0.9416502997552306,0.91,1.0
8,"According to the balance sheet schedules of CIGFIL Limited, Chennai as of March 31, 2004, what percentage of the total raw materials consumed during the current year was sourced indigenously (domestically) as opposed to imported?",[''],"

Based on the search results, I can see that the document contains information about CIGFIL Limited's balance sheet schedules, but I need to look more specifically at the actual document content to extract the exact percentage figures. From the document summary, I know that Document 58 (4752.png) contains the CIGFIL Limited Chennai financial schedules as of March 31, 2004, and it specifically mentions ""the value of imported versus indigenous raw materials consumed expressed in both percentage and monetary terms.""

According to the project documents, specifically Document 58 (file 4752.png), which contains the **Balance Sheet Schedule for CIGFIL LIMITED, CHENNAI as of March 31, 2004**, the document includes detailed information about raw materials consumed during the current year.

The document shows **""the value of imported versus indigenous raw materials consumed expressed in both percentage and monetary terms""** for their raw material sourcing strategies.

However, from the search results and document analysis available, I can see that while the document contains this breakdown of imported vs. indigenous raw materials with specific percentages, the exact numerical percentage values are not fully extracted in the text analysis. 

The document specifically covers:
- **Financial schedules** annexed to the balance sheet dated March 31, 2004
- **Raw materials breakdown** showing both imported and indigenous sources
- **Percentage and monetary value** representation of raw material sourcing
- Details on various materials including **Acetate Filament Yarn/Fibre, Acetate Tow, and Poly Propylene**

To provide you with the exact percentage figure for indigenous vs. imported raw materials consumption, I would need access to the specific numerical data from the balance sheet image itself. The document analysis confirms that this information exists in the CIGFIL Limited Chennai balance sheet schedules, but the precise percentage breakdown would require examining the actual tabulated data in the financial statement.

Would you like me to search for any additional related financial documents that might contain more specific details about CIGFIL Limited's raw material sourcing percentages?","Based on the financial document from CIGFIL Limited, Chennai, the indigenous raw materials account for 20.77% of the total raw materials consumed during the current year (as of March 31, 2004). This represents a value of Rs. 342.04 lakhs. This is slightly higher than the previous year's indigenous material usage, which was 17.15% (valued at Rs. 330.44 lakhs). The document shows that the company relied more heavily on imported raw materials, which constituted 79.23% of the total (valued at Rs. 1,304.95 lakhs) in the current year, down slightly from 82.85% in the previous year.",0.0,0.36,0.0
9,"What is the specific brand name mentioned in this material approval form for relationship marketing, and where is it positioned in the document's layout?",[''],"

Perfect! I found the material approval form for relationship marketing. Based on the search results, I can provide you with the specific details about the brand name and its positioning in the document.

## 🔍 Brand Information from the Material Approval Form

**Specific Brand Name:** **Eclipse**

## 📍 Document Layout and Positioning

The brand name ""Eclipse"" appears in the **brand specification section** of the Material Approval form. Based on the document analysis, here's how it's positioned in the layout:

**Document Structure:**
- **Header:** Material Approval form for ""Relationship Marketing"" program
- **Program Details Section:** Contains program number (701998) and commodity number (534962)
- **Brand Field:** The brand is clearly specified as ""Eclipse"" 
- **Item Description:** ""Insert Letter - Pink Dot Direct Sell Test Program""
- **Originator Information:** Joe A. Leimster, dated 8-7-97
- **Item Specifications:** Includes dimensions and area calculations (41.5 sq. in.)
- **Approvals Section:** Shows purchasing approval signed on 8/11/97

The brand name ""Eclipse"" is positioned as a **key identifying field** in the upper portion of the form, likely in a dedicated brand specification area that clearly identifies which product line this marketing material relates to. This positioning ensures the brand is immediately visible and serves as a critical reference point for the approval process.

This document appears to be from 1997 and relates to a direct marketing campaign for the Eclipse brand cigarettes, specifically for an insert letter used in their ""Pink Dot Direct Sell Test Program.""","The brand mentioned in this document is ""Eclipse."" It appears in the form under the ""Brand(s)"" field in the main content box of this Material Approval form for Relationship Marketing. The document shows that Eclipse is associated with Program #701998 and Commodity #534962. This appears to be related to an insert letter for a ""Pink Dot Direct Sell Test Program"" that was originated by someone on 8-7-97. The Eclipse brand is clearly identified as the primary brand for this marketing material that required formal approval through this documentation process.",0.9582246506018935,0.36,1.0
10,"Based on the images from ITC Limited's corporate materials, what specific type of financial documentation is shown in the top-right corner of this composite image that appears to showcase both manufacturing facilities and corporate properties?",[''],"

Based on my analysis of the ITC Limited corporate materials in the project documents, I can identify the specific financial documentation you're referring to.

The composite image you're describing (file 4826.png) shows **ITC Limited's 2013 Report and Accounts** cover. This appears to be from ITC Limited's **Annual Report**, which is a comprehensive financial document that publicly traded companies are required to publish annually.

The image analysis indicates this is ""potentially within the context of an annual report"" and shows three distinct sections:
- Top section: Manufacturing facilities with workers in food processing
- Middle section: Aerial view of corporate campus/research facilities  
- Bottom section: Modern corporate headquarters building with ITC logo

The specific type of financial documentation shown would be ITC Limited's **Annual Report and Accounts for 2013**, which typically contains:
- Financial statements
- Balance sheet
- Profit & loss statements
- Cash flow statements
- Directors' reports
- Corporate governance information
- Sustainability reporting

This type of document serves as the primary financial disclosure for shareholders and regulatory compliance, showcasing both the company's financial performance and operational capabilities across their manufacturing and corporate infrastructure.","The image clearly shows ""ITC Limited REPORT AND ACCOUNTS 2013"" in the top-right corner of the uppermost photograph. This indicates this is part of ITC Limited's annual financial reporting documentation from 2013. The document appears to be structured as a visual corporate report featuring multiple aspects of the company's operations. 

The composite image includes three distinct photographs: the top section shows what appears to be a food or product manufacturing facility with processing equipment and conveyor belts containing white materials; the middle section displays an aerial view of what seems to be a corporate campus or facility complex; and the bottom section shows a modern architectural rendering or photograph of what appears to be a contemporary office building. 

This format is typical of annual reports that combine financial statements with visual representations of the company's facilities, operations, and assets to provide stakeholders with both quantitative financial data and qualitative information about the company's physical presence and activities.",0.8796406073583617,0.56,1.0
11,"According to this dental health information document from Coca-Cola, what nutritional approach is recommended as the key to maintaining a balanced diet and promoting overall good health, especially in the context of preventing tooth decay?",[''],"

Perfect! I found the Coca-Cola dental health document (369.png). According to this document, the key nutritional approach recommended for maintaining a balanced diet and promoting overall good health, especially in the context of preventing tooth decay, is:

## 🦷 **A Balanced Diet**

The Coca-Cola dental health information document specifically recommends **""a balanced diet""** as one of the key guidelines to reduce tooth decay risk and promote overall good health.

### Key Recommendations from the Document:

The document provides several guidelines to reduce tooth decay risk, with the balanced diet being a central component alongside:

- **Regular dental visits** for professional care
- **Reducing intake of sticky carbohydrates** that adhere to teeth longer
- **Rinsing the mouth** after consuming sugary substances
- **Avoiding sweetened liquids for children at bedtime**
- **Maintaining a balanced diet** for overall health and dental wellness

### Context About Soft Drinks and Tooth Decay:

The document explains that while soft drinks contain sugar, they may not significantly impact tooth decay compared to sticky foods because of their **short exposure time in the mouth**. It notes that saliva helps mitigate acid effects under typical oral conditions.

The emphasis on a ""balanced diet"" reflects the understanding that overall nutritional health contributes to dental health, and that no single food or beverage should be viewed in isolation but rather as part of a comprehensive dietary approach.

Would you like me to search for more specific details about what constitutes this balanced diet approach according to the document?","Based on the information visible in this document about soft drinks and dental health, the key to a balanced diet and good health is ""Eating many different kinds of foods from all the basic food groups. Eating many different kinds of foods in moderate amounts is the key to a balanced diet and promotes general good health.""

The document appears to be an educational pamphlet or information sheet from The Coca-Cola Company's Consumer Information Center that discusses the relationship between soft drinks, diet, and dental health. It emphasizes that variety and moderation in food choices contribute to overall health, while also providing guidelines for reducing tooth decay risk, including regular dental visits, proper oral hygiene with fluoride products, limiting sticky carbohydrates, and rinsing the mouth after eating when brushing isn't possible. This nutritional recommendation appears as part of a broader discussion about preventing tooth decay and maintaining dental health.",0.9597773744343033,0.33,0.25
12,"Based on the product development information shown in this B&W tobacco company slide about KOOL 100 cigarettes, what specific percentage of menthol content is mentioned in the implementation details of the KOOL ""C"" product variant?",[''],"

Perfect! I found the exact document you're referring to. Based on the search results from the B&W tobacco company document about KOOL 100 cigarettes, I can provide you with the specific information you requested.

## 📊 KOOL ""C"" Product Implementation Details

According to the B&W document titled ""KOOL 100 Product Development and Results,"" the specific menthol percentage mentioned for the KOOL ""C"" product variant implementation is:

**0.57% menthol**

### Additional Implementation Details:
- **Menthol Content**: 0.57%
- **Vent Percentage**: 17%
- **Implementation Date**: October 1994

### Context from the Document:
The document shows that KOOL ""C"" was developed as part of an objective to create a KOOL 100 product superior to Newport 100 among KOOL 100 smokers. The Consumer Preference Test (CPT) results indicated that KOOL ""C"" was found superior to Newport 100 with a 94% confidence level and had a better menthol taste according to smokers.

This specific formulation (0.57% menthol with 17% vent) was implemented in October 1994 as the final product specification for the KOOL ""C"" variant.","According to the document, KOOL ""C"" was implemented in October 1994 with a menthol content of 0.57%. This specific percentage appears in the ""Status"" section of the slide, where it states ""KOOL 'C' With 0.57% Menthol And 17% Vent Was Implemented October 1994."" The document is a corporate presentation slide from B&W (Brown & Williamson Tobacco Corporation) detailing the development of their KOOL 100 cigarette product, specifically focusing on a variant called KOOL ""C"" that was designed to compete with Newport 100 cigarettes. The slide indicates that KOOL ""C"" was formulated to provide ""more and better menthol taste"" compared to competing products, according to consumer testing results.",0.9195479759669304,0.5,1.0
13,"Looking at this ITC Limited Report and Accounts page from 2013 showcasing various brand advertisements, what is the name of the fashion wear or clothing brand being advertised in the bottom section of the page that appears to feature lifestyle fashion marketing?",[''],"

Perfect! I found the information you're looking for. Based on the search results, I can see that in the ITC Limited 2013 Report and Accounts page showing various brand advertisements, the fashion/clothing brand being advertised in the bottom section is **Wills Lifestyle**.

The document shows that there's a fashion collaboration highlighted with ""Wendell Rodricks Now At Wills Lifestyle"" which features Wendell Rodricks collaborating with other Indian designers for a fashion line. Additionally, there are other lifestyle fashion items mentioned including:

- **Wills Classic Wonderpress Shirts** (wrinkle-free shirts)
- **John Players Jeans** (denim collection)

So the main fashion wear/clothing brand featured in the bottom section with lifestyle fashion marketing is **Wills Lifestyle**, which appears to be ITC's fashion and lifestyle clothing brand that was featuring collaborations with notable designers like Wendell Rodricks.","The fashion brand advertised in the image is ""Wills Lifestyle,"" as clearly indicated by the ""WILLS LIFESTYLE"" text appearing in the bottom right portion of the page. This brand is featured among several other ITC products in what appears to be a portfolio page titled ""ITC's Brands: An Asset for the Nation."" The Wills Lifestyle advertisement shows what appears to be a stylish fashion photograph with the brand name prominently displayed. This is consistent with ITC's diverse brand portfolio which, according to the accompanying text, includes various FMCG (Fast-Moving Consumer Goods) businesses that are described as ""the fastest growing among the top consumer goods companies operating in India."" The document presents Wills Lifestyle as one of ITC's ""celebrated Indian brands"" that contribute to both economic and societal value.",0.9504904574959684,0.29,1.0
14,"According to the footnotes at the bottom of this Methods Development Two-Year Project Plan (Appendix IIA), what does the letter ""C"" stand for when it appears as a prefix in the project listings, as indicated in the document's legend?",[''],"

Perfect! I found the document. According to the search results, in the Methods Development Two-Year Project Plan (Appendix IIA), the footnotes indicate that **""C = Current""**.

The document analysis shows that there are specific codes and text notes at the bottom of the table, and among these annotations, it states that ""V = Validation"" and **""C = Current""**. So when the letter ""C"" appears as a prefix in the project listings, it stands for ""Current"" according to the document's legend.","Based on the document shown in the image, the letter ""C"" stands for ""Current"" as explicitly stated in the footnotes at the bottom of the project plan table. This is indicated in the legend where it notes ""* C = Current"". This designation appears to mark ongoing or active projects in the list, as opposed to other designations such as ""V"" which is defined as ""Validation"" in the same footnotes section. Several projects in the list are prefixed with ""(C)"" such as item #11 ""HPLC For Licorice On Wet Snuff"", indicating these are current projects within this tobacco research methods development plan. The document appears to be a comprehensive two-year project plan listing 55 different tobacco-related research initiatives with their respective priorities, durations, and project leaders.",0.9274543309978283,0.62,1.0
15,"According to this Response Code Request Form for the Winston brand tobacco promotion, which marketing professional is identified as the person who officially requested the response code Z37 for the ""JM Smoker-Get-A-Smoker Name Generation Card"" project?",[''],"

Perfect! I found the exact document you're asking about. Based on the search results, I can provide you with the specific information about who requested response code Z37.

According to the Response Code Request Form for the Winston brand tobacco promotion ""MM Smoker-Get-A-Smoker Name Generation Card"" project, **Cressida Lozano** is identified as the marketing professional who officially requested response code Z37.

The document shows:
- **Project Name**: MM Smoker-Get-A-Smoker Name Generation Card
- **Brand**: Winston (RJR)  
- **Program Number**: 700422
- **Response Code**: Z37
- **Marketing Personnel Responsible**: Cressida Lozano
- **Production Contact**: Sharon Dawson
- **Agency Contact**: Paula Carter (Long Haymes Carr Lintas)

The form was addressed to Bonnie Tucker and detailed a direct mail campaign scheduled to run from 08/25/97 to 12/31/97, with an expected distribution of 126,000 pieces and a 5.00% response rate (6,300 expected responders).","Based on the information visible in this Response Code Request Form, Cressida Lozano is clearly identified as the person who requested the response code. This is explicitly stated in the dedicated field labeled ""Response Code Requested By:"" near the bottom of the form. Cressida Lozano also appears to be the Marketing Person Responsible for the Project, as indicated in another field on the form. The document shows this is for a Winston brand smoker referral program with response code Z37, scheduled for distribution on 8/25/97 with an expiration date of 12/31/97. The form includes details about distribution quantity (126,000), expected response rate (5%), and various other technical specifications for the direct mail campaign.",0.9449622147005718,0.55,0.75
16,"According to the progress report document shown in the image, which contains information about medical conferences related to trimegestone research, in what specific year is the ""Plenary Session on Menopause"" scheduled to take place in Prague?",[''],"

Perfect! I found the document you're referring to. Based on the search results, I can see the progress report document that contains information about trimegestone research and medical conferences.

According to the progress report document shown in the image, the **""Plenary Session on Menopause"" is scheduled to take place in Prague in 1999**.

The document specifically mentions that there was a planned plenary session on menopause held in Prague in 1999, which highlighted a report based on Dr. Al-Azzawi's findings on the preclinical profile of trimegestone and its effects on the endometrium, with additional data by Peter Miller complementing this report.","Based on the progress report document, the ""Plenary Session on Menopause"" is scheduled to be held in Prague in 1999. This is clearly indicated in the document under the section header ""PLENARY SESSION ON MENOPAUSE PRAGUE 1999."" The document also mentions that a highlights report is planned from this session, based mainly on a presentation about the preclinical profile of trimegestone and its effect on the endometrium. The document appears to be a confidential progress report for client Hoechst Marion Roussel/Wyeth-Ayerst regarding various medical conferences and presentations related to trimegestone research, with additional conferences planned for 2000 in Copenhagen, Washington, and Florence.",0.9258505097278902,0.36,1.0
17,"According to the technical report document shown in the image, what specific proprietary technology is mentioned in the James River patent specification that has been requested, and what is the subject matter of this patent as described in the ""PM Web"" section?",[''],"

I can see you're asking about a technical report document in an image, but I don't see any image attached to your message. Could you please upload the image you're referring to so I can analyze the James River patent specification and the ""PM Web"" section you mentioned?

Once you share the image, I'll be able to identify:
- The specific proprietary technology mentioned in the James River patent specification
- The subject matter of the patent as described in the ""PM Web"" section

Please attach the image and I'll help you extract this technical information from the document.","Based on the document, the patent specification from James River describes their proprietary cellulose acetate web technology. The document states specifically that ""The patent specification from James River describing their proprietary cellulose acetate web has been requested and will be sent."" This appears in the ""PM Web"" section of what seems to be a technical or research progress report. The document further indicates collaborative efforts in this field, noting that a Forest Products Laboratory in Madison, Wisconsin with expertise in cellulose web acetylation has been located and may become a potential research partner. This suggests that the cellulose acetate web technology has significance in paper manufacturing or related processes, fitting within the broader context of the document which discusses various paper production experiments including drainage times, magnesium carbonate fillers, and the ""daubing dandy"" trials at the University of Maine.",0.0,0.0,0.0
18,"According to the article about GM food labeling that appears to be from an industry publication, who is identified as the Robert Walmsley university professor at Harvard Law School who has also served as an administrator in the White House?",[''],"

Based on the project document summary I reviewed earlier and looking at the content in the 431.png document (which appears to contain the GM food labeling article), I can provide you with the answer:

According to the article about GM food labeling from the industry publication, **Cass R. Sunstein** is identified as the Robert Walmsley University Professor at Harvard Law School who has also served as an administrator in the White House.

The document summary for 431.png specifically states that the article was ""Written by Cass R. Sunstein, a Harvard Law School professor and Bloomberg View columnist."" This matches your description of the article discussing the implications of requiring labels on genetically modified foods and referencing policies in the U.S. and Europe.

Cass Sunstein is indeed a well-known legal scholar who has held the Robert Walmsley University Professorship at Harvard Law School and served in the Obama administration as Administrator of the White House Office of Information and Regulatory Affairs from 2009 to 2012.","Based on the image, Cass R. Sunstein is identified as the Robert Walmsley university professor at Harvard Law School. The document provides additional context about him, noting that he is a Bloomberg View columnist and previously served as the administrator of the White House Office of Information and Regulatory Affairs. He is also mentioned as the co-author of ""Nudge"" and author of ""Simpler: The Future of Government."" The article includes a parenthetical note indicating that the opinions expressed in the text are his own. This information appears in what seems to be an article discussing genetically modified (GM) food labeling requirements, with a PepsiCo advertisement showing their product portfolio at the bottom of the page.",0.8935456861266863,0.53,1.0
19,"According to the B&W Consumer Dynamics report for KOOL comparing 1994 versus 1995, what percentage of customers were lost due to switching to other brands in 1995, and how does this compare to the previous year's switching losses?",[''],"

Perfect! I found the exact document I was looking for. According to the B&W Consumer Dynamics report for KOOL comparing 1994 versus 1995:

## 📊 KOOL Brand Switching Losses Analysis

**1995 Switching Losses: 10.3%**

**Comparison to Previous Year:**
- **1994 Switching Losses: 14.1%**
- **1995 Switching Losses: 10.3%**
- **Improvement: 3.8 percentage points reduction** (from 14.1% to 10.3%)

## Key Insights

This represents a **significant improvement** in customer retention, with switching losses decreasing by more than a quarter (27% relative reduction). The improvement in switching losses was part of broader positive trends for the KOOL brand in 1995:

- **Overall franchise retention increased** from 80.7% to 83.6%
- **Single brand users in the franchise increased** from 75.7% to 78.2%
- **Share of industry switchers gained improved** from 0.7% to 0.8%

The only metric that showed a slight negative trend was quitting losses, which increased from 5.3% to 6.1%. However, the substantial reduction in switching losses more than compensated for this increase, resulting in overall improved brand performance.

This data suggests that B&W's strategies for the KOOL brand in 1995 were effective at reducing customer defection to competing brands.","Based on the B&W Consumer Dynamics report for KOOL shown in the image, the Rate of Switching Losses in 1995 was 10.3%. This represents a significant improvement from 1994, when the switching loss rate was 14.1% - a decrease of 3.8 percentage points. This positive trend is also reflected in the overall Retention of Franchise metric, which improved from 80.7% in 1994 to 83.6% in 1995. The document appears to be tracking customer loyalty metrics for the KOOL brand, showing that while switching losses decreased, quitting losses slightly increased from 5.3% to 6.1% during the same period. The source of this data is listed as USMM at the bottom of the report.",0.9294239213762986,0.67,1.0
20,"According to the fax cover sheet from DesignWrite Incorporated that was sent in January 2005, what specific time is indicated in the document, and in which time zone was this communication sent?",[''],"

Based on my search through the project documents, I found information about DesignWrite fax documents from January, but there's an important distinction to clarify:

## DesignWrite Fax Documents Found

There are **two different DesignWrite fax documents** in the records:

### 1. January 2005 Fax (Bernadette G. Janas)
- **Date:** January 19, 2005
- **From:** Bernadette G. Janas, PhD, Medical Writer at DesignWrite
- **To:** Alice Conti at Wyeth-Ayerst Pharmaceuticals
- **Subject:** Expert forum plans for brainstorming (breast health and HRT)
- **Time information:** The document analysis does **not specify a time** or time zone for this 2005 fax

### 2. January 2001 Fax (Karen D. Mittleman)
- **Date:** January 22, 2001
- **From:** Karen D. Mittleman, PhD, Senior Medical Writer at DesignWrite
- **To:** Malcolm Whitehead, MD, at Kings College School of Medicine & Dentistry
- **Subject:** Low-Dose Review Paper Response
- **Time:** **4:15 PM EST**

## Answer to Your Question

The fax cover sheet from DesignWrite Incorporated sent in **January 2005** (by Bernadette G. Janas) does **not contain specific time information** in the available document analysis. However, if you were referring to a DesignWrite fax from January 2001, that document shows **4:15 PM EST** as the transmission time.

Would you like me to search for additional details about either of these documents, or were you perhaps thinking of a different DesignWrite communication?","Based on the fax document visible in the image, the time mentioned is 8:45 EST (Eastern Standard Time). This information appears in the header section of the fax cover sheet from DesignWrite Incorporated, specifically in the ""Time:"" field, which is located on the right side of the document adjacent to the date entry (January 19, 2005). The fax appears to be a professional communication regarding an expert forum on breast health and HRT (Hormone Replacement Therapy), sent from Bernadette G. Janas, PhD to Alice Conti at Wyeth-Ayerst Pharmaceuticals. The time stamp indicates this was a morning communication, which might be relevant to understanding the business context of this professional correspondence.",0.9120906445509838,0.24,0.0
21,"According to the DesignWrite contract document shown in the image, what was the specific date when Carol A. Tozzi, Ph.D. formally accepted the writing assignment as indicated in the ""ASSIGNMENT ACCEPTED BY"" section at the bottom of the form?",[''],"

Based on the search results, I found the DesignWrite contract document (file 5238.png). From the document analysis provided in project knowledge, I can see that this document mentions it was ""assigned by Karen D. Mittleman, Ph.D., and accepted by Carol A. Tozzi, Ph.D. on specified dates"" and that ""The assignment date is January 18, 2005, with a due date of August 9, 2000.""

However, the search results indicate that while Carol A. Tozzi, Ph.D. did accept the assignment, the specific acceptance date is not clearly shown in the extracted text analysis. The document shows an assignment date of January 18, 2005, but there appears to be some inconsistency in the document summary (showing a due date of August 9, 2000, which would be before the assignment date).

Based on the available information from the DesignWrite contract document in the project knowledge base, I can see that **Carol A. Tozzi, Ph.D. formally accepted the writing assignment**, but the specific acceptance date shown in the ""ASSIGNMENT ACCEPTED BY"" section is not clearly extractable from the processed document analysis.

The document summary indicates there was an assignment date of January 18, 2005, but to provide you with the exact acceptance date as it appears on the form, I would need to examine the original image more closely. The processing shows that both Karen D. Mittleman, Ph.D. assigned the work and Carol A. Tozzi, Ph.D. accepted it on specified dates, but the precise acceptance date format from the bottom section is not captured in the available extracted text.

Could you clarify what specific acceptance date you can see in the ""ASSIGNMENT ACCEPTED BY"" section of the document image?","Based on the document shown in the image, Carol A. Tozzi, Ph.D. accepted the assignment on July 26, 2000, as clearly indicated in the ""ASSIGNMENT ACCEPTED BY"" section at the bottom of the form. This date appears to precede the ""DATE ASSIGNED"" (January 18, 2005), which suggests this could be a renewal or amendment of an earlier agreement. The document is a confidential contract from DesignWrite outlining terms for manuscript preparation, with purchase order number 3973, and specifies a writer's fee of $3,500 with a structured payment schedule. The document includes detailed formatting requirements for manuscript submission to biomedical journals.",0.0,0.29,0.0
22,"According to the ITC Report on Corporate Governance for 2013 shown in this image, what was the number of members present at the Sustainability Committee meeting that took place on 5th April, 2012, as indicated in the attendance table on the right side of the document?",[''],"

Based on the search results from the project knowledge base, I found the relevant document (file 4751.png) that contains information about ITC's Corporate Governance report for 2013, specifically regarding committee meeting attendance.

The document analysis indicates that this image displays ""tables and text related to the attendance at Nomination and Sustainability Committee meetings during a financial year"" and mentions that ""the right section shows the dates and attendance of Sustainability Committee meetings held during the financial year, highlighting full attendance in all instances.""

However, the AI analysis of the document mentions that it shows ""full attendance in all instances"" for the Sustainability Committee meetings but doesn't provide the specific number of members present at the April 5, 2012 meeting.

Unfortunately, without being able to see the actual image you're referring to or having more detailed textual content that includes the specific attendance numbers from the table, I cannot provide the exact number of members present at the Sustainability Committee meeting on April 5, 2012.

If you could upload the image again, I would be able to provide you with the specific attendance figure you're looking for from the table on the right side of the document.","Based on the corporate governance report visible in the image, the Sustainability Committee meeting held on 5th April, 2012 had 6 members present. This information is clearly displayed in the ""Meetings and Attendance"" section on the right side of the document, specifically in the table showing meeting details for the financial year ended 31st March, 2013. According to this table, the first meeting (Sl. No. 1) was held on 5th April, 2012, with a Committee Strength of 6 and the Number of Members present also being 6, indicating full attendance at that particular meeting. The document appears to be from ITC's Report and Accounts 2013, as noted at the bottom of page 22.",0.0,0.22,0.0
23,"According to the pie chart titled ""Chemical Compounds Found In Cigarettes (First Response)"" shown in this image, what percentage of survey respondents indicated they were ""Not At All Concerned"" about chemical compounds in cigarettes?",[''],"

Perfect! I found the exact pie chart you're referring to. According to the search results from the project knowledge base, the pie chart titled ""Chemical Compounds Found In Cigarettes (First Response)"" shows the following breakdown of public concern levels:

**32.7%** of survey respondents indicated they were **""Not At All Concerned""** about chemical compounds found in cigarettes.

The complete breakdown of responses in the pie chart is:
- **Not At All Concerned**: 32.7%
- **Somewhat Concerned**: 34.3%
- **Very Concerned**: 19.1%
- **Extremely Concerned**: 12.3%
- **Don't Know**: 1.6%

This data provides insight into the range of public awareness and concern regarding chemical compounds in cigarettes, with roughly one-third of respondents expressing no concern at all.","Based on the pie chart displayed in the image, 32.7% of respondents indicated they were ""Not At All Concerned"" about chemical compounds found in cigarettes. This represents the second-largest segment of the pie chart, following the 34.3% who reported being ""Somewhat Concerned."" The chart also shows that 19.1% were ""Very Concerned,"" 12.3% were ""Extremely Concerned,"" and a small segment of 1.6% responded ""Don't Know."" This appears to be data from a survey measuring public concern levels regarding chemical compounds in cigarette products, possibly from around 1992 based on the notation at the bottom of the image.",0.9257227520783058,0.86,1.0
24,"According to the EAGAR subject flow diagram, why were 3 participants excluded from the initial 103 subjects who signed consent forms, leaving only 100 enrolled in the drug study?",[''],"

Based on the EAGAR subject flow diagram found in the project documents, I can answer your question about why 3 participants were excluded from the initial 103 subjects.

According to the EAGAR study flow diagram, **3 participants were excluded due to protocol violations**. The flowchart shows:

- **103 subjects** initially signed consent forms
- **3 subjects** had protocol violations (referenced as ""Table 1"" in the diagram)
- This left **100 subjects** enrolled in the drug study

The diagram indicates that these 3 exclusions were specifically due to ""protocol violations"" rather than other reasons like refusal to participate or medical issues. Protocol violations typically refer to situations where subjects or the study procedures did not follow the established research protocol guidelines, which could include:

- Failure to meet inclusion criteria that was discovered after consent
- Violations of study procedures
- Administrative or procedural errors
- Non-compliance with study requirements

The flowchart references ""Table 1"" for more details about these protocol violations, though the specific nature of each violation would be detailed in that accompanying table.

From the remaining 100 enrolled subjects, the study proceeded with further categorization, including 19 subjects who later refused to continue (referenced in Table 2) and 81 subjects who had baseline angiograms.","Based on the flow chart diagram titled ""EAGAR subject flow,"" 3 subjects were excluded due to ""Protocol violation"" as explicitly stated in the right branch after the consent stage. The diagram shows a total of 103 subjects initially signed consent forms, but only 100 were enrolled in the drug study. The 3 excluded subjects are specifically categorized under ""Protocol violation"" in a box labeled ""N=3 (Table 1),"" suggesting that details about these violations are documented in Table 1 of the source document. Protocol violations typically refer to deviations from the approved study procedures or inclusion/exclusion criteria that make subjects ineligible to continue in the clinical trial. This information is clearly presented in the hierarchical flow diagram showing subject progression through the EAGAR study.",0.9513341899347131,0.63,1.0
25,"According to the journal article page shown in this image from the Journal of the Air Pollution Control Association, what is the title of the scholarly work authored by G. A. Lloyd that was published in 1961 and later digitized online in 2012?",[''],"

Perfect! I found the information about G. A. Lloyd's journal article. Based on the search results, I can provide you with the title of the scholarly work.

According to the project document (file 219.png), the title of the scholarly work authored by G. A. Lloyd that was published in the Journal of the Air Pollution Control Association in 1961 and later digitized online in 2012 is:

**""The Petroleum Industries' Air Pollution Control Program""**

The document shows this was published in the Journal of the Air Pollution Control Association by Taylor & Francis Group, with the online publication date of March 19, 2012. The article had 153 views at the time the document was captured and includes a DOI link for direct access to the digitized version.","The title of G. A. Lloyd's article is ""The Petroleum Industries' Air Pollution Control Program."" This article appears in the Journal of the Air Pollution Control Association (ISSN: 0002-2470), volume 11, issue 1, pages 6-44. The article was originally published in 1961, but was digitized and published online on March 19, 2012. According to the citation information provided in the image, the article has a DOI of 10.1080/00022470.1961.10467967 and had received 153 views at the time this screenshot was taken. The image shows the title page of the article as it appears in the Taylor & Francis online journal database.",0.9735096747613149,0.71,1.0
26,"Looking at this R.J. Reynolds Tobacco Co. invoice document from 1997, what specific quantity is listed in the ""Volume"" field that appears in the boxed section near the top of the form, just below the ""YA Job Quote/Invoice"" heading?",[''],"

Based on the search results, I found the R.J. Reynolds Tobacco Co. invoice from April 24, 1997 (document 5545.png). However, the description mentions that the document shows various service entries with columns for ""percentage ordered, quantity, cost, and current invoice status"" but doesn't specifically mention the exact quantity value in the ""Volume"" field in the boxed section near the top.

From the project document summary I have access to, I can see this document is described as:

> ""This document is an invoice from April 24, 1997, pertaining to YA Job Quote/Invoice services for R.J. Reynolds Tobacco Co. It details various support services costs, including inventory management, consumer affairs, and data processing, with both current and cumulative totals. The author or preparer is associated with the Tobacco Co., and the billing period covers March 29, 1997, to April 4, 1997. Metadata includes Job # 2655-16 and Invoice # 62272.""

Unfortunately, the available document analysis doesn't provide the specific numeric value that appears in the ""Volume"" field in the boxed section near the top of the form. The search results describe the general structure and content of the invoice but don't contain the precise quantity value you're asking about.

To get the exact quantity listed in the ""Volume"" field, I would need access to a more detailed analysis of the document that includes the specific values in each field, or the actual image file to examine directly.","According to the invoice document, the Volume amount specified is 21,480. This appears in a boxed section in the upper portion of the document, where ""Volume:"" is listed on the left side of the box with ""21,480"" as its corresponding value. Interestingly, this same figure (21,480) also appears as the ""Orders:"" value immediately below it in the same box. This volume number also appears multiple times throughout the support services breakdown in the detailed invoice table, particularly for line items related to order processing, such as ""Transmissions to Third Party"" and ""Smoker Data Base Processing (orders),"" suggesting it represents the total number of orders or transactions being billed during the specified period of 03/29/97 - 04/04/97.",0.0,0.1,0.0
27,"According to this Philip Morris internal memo from 1990 regarding NNK (4-(methylnitrosoamino)-1-(3-pyridyl)-1-butanone), what specific concentration levels of this tobacco-specific nitrosamine were measured in burley tobacco genotypes during the 1981 study when no nitrogen fertilization was applied?",[''],"

I can see that I have the Philip Morris memo identified, but the search results are only showing the image analysis description, not the actual detailed text content with specific concentration values. Let me try a different approach to find the specific numerical data you're asking about.

Based on the search results, I can confirm that there is a Philip Morris internal memo from May 24, 1990, written by Martha Smith to Richard Carchman regarding NNK (4-(methylnitrosoamino)-1-(3-pyridyl)-1-butanone), which is document 295.png in the knowledge base.

The memo discusses NNK's formation during tobacco curing and smoking processes, its carcinogenic properties, and mentions that NNK levels are higher in Burley tobacco compared to other tobacco types. The document also references factors affecting NNK concentration including leaf position, shade, curing methods, and nitrogen fertilization.

However, from the current search results, I cannot extract the specific concentration levels of NNK that were measured in burley tobacco genotypes during the 1981 study when no nitrogen fertilization was applied. The search results provide only a high-level description of the memo's content rather than the detailed numerical data you're seeking.

To provide you with the exact concentration values from the 1981 study mentioned in the memo, I would need access to the full text content of that document, which appears to contain specific quantitative data about NNK levels under different fertilization conditions.

Would you be able to provide additional context or details that might help me locate the specific numerical values, or do you have access to the actual document text that contains these concentration measurements?","According to the Philip Morris inter-office correspondence dated May 24, 1990, when NNK levels were measured in several burley genotypes in 1981 under conditions where no nitrogen fertilization was applied, the levels ranged from 0.05 to 0.23 ppm. The document further notes that in 1982, when nitrogen fertilizer was applied to these same tobacco types, the NNK levels increased significantly, ranging from 0.08 to 0.71 ppm. This information appears in the lower portion of this internal memo, which extensively discusses NNK as a tobacco-specific nitrosamine formed during tobacco curing and smoking processes. The memo also indicates that burley tobacco generally contains higher levels of NNK than other tobacco types, and that air-curing under hot, humid conditions increases the amounts of this carcinogenic compound.",0.0,0.5,0.0
28,"According to Table 3 which shows the effect of terminating irrigation at different dates on sugar beet production, what was the percentage of sucrose content in sugar beets when irrigation was terminated on September 1 (Treatment No. 9)?",[''],"

Based on my search through the project documents, I found the document containing Table 3 about the effects of terminating irrigation on sugar beet production (document 1761.png). However, the search results only provide a general description of the table structure and contents rather than the specific numerical values.

The document description confirms that Table 3 does include:
- Treatment numbers
- Date of irrigation termination (including September 1)
- Number of irrigations  
- Yield of roots (T./A.)
- **Percent sucrose**
- Gross sugar in pounds per acre

The table compares different termination dates including August 10, August 21, September 1, and September 11, but I cannot find the specific sucrose percentage value for Treatment No. 9 (September 1 termination) in the search results.

To provide you with the exact sucrose percentage for Treatment No. 9 when irrigation was terminated on September 1, I would need access to the detailed numerical data from the actual table image, which appears to not be fully captured in the text analysis of the document.

Could you provide the specific table data or clarify if you have access to the numerical values from Table 3? This would allow me to give you the precise sucrose percentage you're looking for.","Based on the data presented in Table 3, when irrigation was terminated on September 1 (Treatment No. 9), the sugar beets had a sucrose content of 18.40%. This treatment received 9 irrigations total before termination and yielded 20.3 tons of roots per acre with a gross sugar production of 7478 pounds per acre. This particular treatment shows an interesting balance between irrigation timing and sugar content, as the data indicates that earlier termination dates (such as August 10) resulted in slightly higher sucrose percentages (18.81%), while later termination (September 11) showed lower sucrose content (18.19%). The table notes that these differences in sucrose content are statistically significant at both the 5% level (0.33) and the 1% level (0.44).",0.0,0.44,0.0
29,"According to the 1970 soft drink industry market concentration data shown on this document page, which soft drink company held the smallest percentage of total soft drink sales among the eight major companies that collectively accounted for 84.1% of the market?",[''],"

Based on the search results, I found the document that references the 1970 soft drink market concentration data you mentioned. The document (361.png) confirms that ""eight companies accounted for 84.1% of soft drink sales in 1970"" and mentions that ""major companies like Coca-Cola, PepsiCo, and Dr. Pepper having significant market shares.""

However, the search results don't provide the specific market share percentages for each of the eight companies that would allow me to determine which had the smallest share. The document mentions the overall statistic and identifies some of the major players (Coca-Cola, PepsiCo, and Dr. Pepper), but doesn't break down the individual market shares for all eight companies.

To accurately answer your question about which company held the smallest percentage among the eight major companies, I would need access to the detailed market share breakdown that shows the specific percentages for each company. The current information only provides the aggregate figure (84.1% combined) and identifies some of the major players, but not the complete ranking or individual percentages.

Could you provide more context about where in the document this detailed breakdown might appear, or if there are additional pages that contain the specific market share percentages for each of the eight companies?","Based on the market concentration data presented in section II.A.1 of this document about the soft drink industry, Cott Corp. had the lowest sales percentage at 2.4% of total soft drink sales in 1970. This places Cott Corp. at the bottom of the eight major companies listed, which together controlled 84.1% of the soft drink market. For comparison, the document shows that Coca-Cola Company dominated with 42.2%, followed by PepsiCo at 16.6%, while other competitors like Dr. Pepper (3.5%), Beverage International Inc. (3.4%), Royal Crown Cola Co. (6.6%), Canada Dry Corp. (3.3%), and The Seven-Up Co. (6.1%) all maintained larger market shares than Cott Corp. This information appears in what seems to be an industry analysis document from the early 1970s, which also discusses soft drink consumption patterns and industry growth projections.",0.0,0.4,0.0
30,"Looking at this tobacco industry document about nicotine research, what is the first category or classification listed under the ""DRIVING SCIENCE/TECHNOLOGIES"" section of this strategic planning document?",[''],"

Based on my search through the project documents, I found the tobacco industry document you're referring to - it's the ""1991 Nicotine Research and Development Strategy"" document (file 249.png). 

However, the search results provide only a high-level description of the document rather than the specific detailed bullet points within the ""DRIVING SCIENCE/TECHNOLOGIES"" section. The description indicates that this section contains bullet points about:

- Test methods for smoker satisfaction
- Nicotine optimization 
- Development of extraction processes

But unfortunately, the search results don't provide the exact first category or classification as it appears in the original document. The document analysis mentions that the ""DRIVING SCIENCE/TECHNOLOGIES"" section lists specific technological focus areas, but the detailed content of the bullet points - including which category is listed first - isn't captured in the available search results.

To provide you with the precise first category or classification listed in that section, I would need access to a more detailed text extraction of that specific document page that shows the actual bullet point structure and order as they appear in the original document.","Based on the document image, the first subheading under ""DRIVING SCIENCE/TECHNOLOGIES"" is ""EXISTING"". This appears in the left column of a three-column structure that organizes different aspects of driving science and technologies. The ""EXISTING"" category lists several items including ""DFC"", ""Plasma nicotine estimates"", ""HSB"", and ""New consumer groups defined by psychographic/lifestyle information"". The document appears to be a tobacco industry strategic planning document from around 1991 that outlines research priorities and milestones related to nicotine optimization in tobacco products. The other two categories in this section are ""DEVELOPING"" and ""NEEDED"", suggesting this is a comprehensive overview of the company's scientific and technological capabilities at different stages of development.",0.0,0.33,0.0
31,"Looking at this FMCG (Fast-Moving Consumer Goods) product launch document from 2011-12, what exactly is written in the John Players Jeans section of the advertisement, and what specific information does the text provide about this denim brand?",[''],"

I can see from the search results that the document contains information about John Players Jeans, but the analysis only provides a general description. The search results indicate that the John Players Jeans section ""explains a new collection of denim offerings, shown alongside a casual lifestyle photo emphasizing a youthful look.""

However, to provide you with the exact text written in the John Players Jeans section, I would need to see the actual image or have more detailed text extraction from that specific section of the document (file 4779.png). 

Based on the available information from the document analysis, here's what I can tell you about the John Players Jeans section in the FMCG product launch document from 2011-12:

## 📄 John Players Jeans - Key Information Available:

**Product Type:** New collection of denim offerings

**Marketing Approach:** 
- Accompanied by a casual lifestyle photograph
- Emphasizes a youthful look and appeal
- Part of the broader FMCG product launch initiatives for 2011-12

**Context:** Featured alongside other major product launches including:
- Wendell Rodricks collaboration with Wills Lifestyle
- Wills Classic Wonderpress Shirts
- Various tobacco product launches

The document indicates this was part of a comprehensive overview of FMCG sector product launches, but to provide you with the specific text content and detailed information about the denim brand, I would need access to a higher resolution version of the document or more detailed text extraction from that particular section.

Would you like me to search for additional information about John Players as a brand or other related documents that might contain more specific details about their denim collection?","In the John Players Jeans section of this promotional material, the brand name ""johnplayers jeans"" is displayed in a stylized format in the lower right image showing what appears to be fashion models. The accompanying text describes that ""John Players Jeans gives one the perfect vintage look with its comprehensive collection of urban styled denims in textured yarns, in slim and regular fits, with a variety of distressed finishes."" This appears in a marketing document that also features other brands like Wills Classic Wonderpress Shirts and tobacco products including Gold Flake Kings, Gold Flake Filter, Royal Special Filter, and Scissors Menthol Fresh. The document is part of a FMCG product launch catalog from 2011-2012, which also mentions Wendell Rodricks' collaboration with Wills Lifestyle alongside several Indian designers.",0.0,0.71,0.0
32,"Looking at this Method Development Project Survey appendix document, I notice there are some entries marked with ""C"" in parentheses at the beginning of certain project names. According to the legend at the bottom of the table, what does this ""C"" designation stand for in the context of these tobacco research and development projects?",[''],"

Based on the search results from the Method Development Project Survey documents, I found the answer to your question about the ""C"" designation.

According to the legend found in the **Appendix IIA - Methods Development Two-Year Project Plan** document, the **""C"" designation stands for ""Current""**.

The search results indicate that the table includes specific text notes such as **""V = Validation"" and ""C = Current""** at the bottom of the document. This means that when you see project names marked with ""(C)"" at the beginning, these are projects that were classified as ""Current"" projects in the context of this tobacco research and development methods survey.

This designation appears to be part of a project tracking and management system used to categorize the status of various analytical and development tasks related to tobacco research, helping to distinguish between current ongoing projects and those undergoing validation processes.","According to the legend at the bottom of the document (Appendix I - Results of Method Development Project Survey), the ""C"" notation is explicitly defined as ""Current."" This appears in the footnotes section where it states ""* C = Current"" alongside other designations like ""V = Method Validation."" The ""C"" marking appears before several projects in the list such as ""(C) Nicotine for STP,"" ""(C) HPLC For Licorice On Wet Snuff,"" and ""(C) RAA Urea, Glycerin(RECON),"" indicating these are current projects within the tobacco research and development program. This designation helps differentiate ongoing projects from other types of projects in this R&D tracking document dated around 1993-1994.",0.9136223419855546,0.73,1.0
33,"According to the clinical study flow chart diagram, what was the total number of subjects who were officially enrolled in the study after signing consent forms, and before accounting for those who later refused to continue participation?",[''],"

Perfect! I found the clinical study flow chart information. Based on the search results, I can see there are multiple flowcharts that show the same study (EAGAR), and they all provide consistent information about subject enrollment.

According to the clinical study flow chart diagram from the EAGAR study:

**📊 Total Number of Officially Enrolled Subjects: 100**

Here's the breakdown from the flowchart:
- **103 subjects** initially signed consent forms
- **100 subjects** were officially enrolled in the drug study
- **3 subjects** had protocol violations (referenced in Table 1)

The 100 enrolled subjects were then tracked through the study, where:
- 81 subjects had baseline angiograms
- 19 subjects refused to continue participation (referenced in Table 2)

So to directly answer your question: **100 subjects** were officially enrolled in the study after signing consent forms and before accounting for those who later refused to continue participation. The 19 subjects who refused to continue were part of the original 100 enrolled subjects, representing the attrition that occurred during the study progression.","Based on the flow chart visible in the image, exactly 100 subjects were enrolled in the study. The diagram shows that initially 103 subjects signed consent forms, but 3 were excluded due to protocol violations (as noted in Table 1). Of the 100 enrolled subjects, the diagram further tracks their progression through the study: 81 subjects had baseline angiograms, while 19 refused to continue in the study (referenced in Table 2). The flow chart continues to break down the 81 subjects with baseline angiograms into 63 with IVUS (Intravascular Ultrasound) and 18 without IVUS (where all SVG [Saphenous Vein Grafts] were occluded or diseased). This appears to be from a clinical research document tracking participant flow through a cardiovascular study.",0.8539326721252075,0.74,1.0
34,"According to the Notice of Annual Meeting of Shareholders document from PepsiCo dated March 24, 2006, who is identified as the Secretary of the company, as evidenced by the signature at the bottom of the notice?",[''],"

Perfect! I found the exact document you're referring to. According to the Notice of Annual Meeting of Shareholders document from PepsiCo dated March 24, 2006, **Larry D. Thompson** is identified as the Secretary of the company.

The document analysis clearly states: ""The notice is signed by Larry D. Thompson, Secretary, and dated March 24, 2006."" This signature appears at the bottom of the notice, confirming his role as the company's Secretary at that time.","Based on the document shown in the image, Larry D. Thompson is identified as the Secretary of PepsiCo. This information appears at the bottom of the Notice of Annual Meeting of Shareholders document, where his name and title ""Secretary"" are clearly printed below his signature. The notice is dated March 24, 2006, and announces PepsiCo's Annual Meeting of Shareholders scheduled for May 3, 2006, at the headquarters of Frito-Lay, Inc. in Plano, Texas. As the company Secretary, Larry D. Thompson would have been responsible for official corporate communications such as this shareholder meeting notice, which outlines the agenda items including board elections, accountant ratification, and shareholder proposals.",0.9686165601916755,0.57,1.0
35,"Based on this informational document about sodium in soft drinks, how does sodium function in the human body to regulate water balance and maintain proper hydration levels, particularly in relation to cellular processes?",[''],"

Perfect! I found the specific document about sodium content in Coca-Cola soft drinks. Based on the information from your project knowledge base, I can explain how sodium functions in the human body to regulate water balance and maintain proper hydration levels.

## 🧂 **Sodium's Essential Role in Human Physiology**

According to the Coca-Cola document in your knowledge base, sodium plays several critical roles in human physiology, particularly in water regulation and cellular processes:

### **Water Balance Regulation**
- **Fluid Retention Control**: Sodium is essential for regulating water in the body by controlling how much fluid is retained or eliminated
- **Osmotic Balance**: Sodium creates osmotic gradients that help maintain proper fluid distribution between cells and surrounding tissues
- **Hydration Maintenance**: The body uses sodium to maintain optimal hydration levels by influencing water movement across cell membranes

### **Blood Pressure Maintenance**
- **Circulatory Function**: Sodium helps maintain proper blood pressure, which is crucial for effective circulation and delivery of nutrients to cells
- **Volume Regulation**: By controlling water retention, sodium directly impacts blood volume and pressure

### **Cellular and Nerve Function**
- **Nerve Transmission**: Sodium is vital for proper nerve function, enabling electrical impulses to travel throughout the nervous system
- **Enzyme Activity**: The document notes that sodium supports enzyme functions, which are essential for countless cellular processes including metabolism and protein synthesis

### **Dietary Context from the Document**
The Coca-Cola document emphasizes that:
- Most soft drinks contain less than 35 milligrams of sodium per serving, classifying them as ""very low sodium"" foods according to FDA standards
- This contributes very little to the average diet compared to other sodium sources
- Sodium in beverages comes from various compounds like sodium benzoate (preservation), sodium chloride, sodium citrate, and sodium saccharin

### **Clinical Significance**
The document positions sodium as an **essential nutrient** rather than just a dietary concern, highlighting that the human body requires adequate sodium intake to maintain these vital physiological functions.

This information demonstrates that while sodium intake should be monitored, it serves indispensable roles in maintaining cellular homeostasis and proper hydration at the most fundamental biological level.

Would you like me to explore any specific aspect of sodium's physiological functions in more detail?","According to the document, sodium plays a crucial role in human physiology as an essential nutrient. Specifically, sodium helps regulate water in the body through controlling the transfer of water and other nutrients across cell membranes. This osmotic regulation function is vital for maintaining proper fluid balance.

The document further explains that sodium's physiological importance extends beyond just water regulation. It also helps maintain blood pressure and volume, supports the transmission of nerve impulses, and enables the activity of certain enzyme systems. 

This information appears in an educational document from Coca-Cola USA explaining the role of sodium in soft drinks. The document clarifies that while soft drinks contain minimal sodium (less than 35 milligrams per serving in most Coca-Cola products), sodium itself remains an essential nutrient for human health. The document contrasts this with other food sources that contain significantly higher sodium levels, such as processed tomato juice (660 mg) compared to diet Coke (35 mg or less).",0.9100502452671003,0.54,1.0
36,"Based on this ITC Limited Report and Accounts 2013 page featuring Sunfeast products, which Sunfeast biscuit sub-brand appears first in the top row of the product display showcasing their full biscuit portfolio?",[''],"

Perfect! I found the relevant document. Based on the search results, I can see the ITC Limited Report and Accounts 2013 page featuring Sunfeast biscuit products. According to the detailed image analysis, I can identify the biscuit sub-brands mentioned in the product display.

Based on the ITC Limited Report and Accounts 2013 page featuring Sunfeast products, the document shows that the biscuit products displayed in the center include several sub-brands: **'Snacky,' 'Delishus,' 'Nice,' 'Marie Light,' 'Dark Fantasy,' and 'Dream Cream.'**

However, the search result doesn't specify the exact visual layout or order of these products in the top row. From the brands mentioned in the image analysis, **""Snacky""** is listed first among the biscuit varieties shown, which suggests it may be the sub-brand that appears first in the top row of the product display.

The document describes this as showcasing ""the extensive product line of Sunfeast under ITC Limited"" with various packaged biscuits emphasizing ""the diverse offerings of the brand.""","According to the image from ITC Limited's 2013 Report and Accounts, ""Snacky"" is the first Sunfeast sub-brand displayed in the top row of the product arrangement. The image shows a comprehensive display of Sunfeast's biscuit portfolio, with various packages arranged in rows. The Snacky products are clearly visible at the top of the display, featuring distinctive packaging. This aligns with the accompanying text that states ""Sunfeast straddles all segments in the biscuit category and offers high quality products in exciting and innovative formats,"" demonstrating how ITC positions different sub-brands like Snacky within their overall biscuit category strategy. The document appears to be showcasing the diversity of the Sunfeast product line, with other visible sub-brands including Delishus, Dark Fantasy, and Dream Cream appearing in subsequent rows.",0.9495356398882718,0.53,0.75
37,"According to this Pepsi-Cola product information sheet from 1986, which specific sweetener is used in the diet versions of Slice beverages, including Diet Slice, Diet Mandarin Orange Slice, Diet Apple Slice, and Diet Cherry Cola Slice, as mentioned in the nutritional data and product description?",[''],"

Perfect! I found the exact document. Based on the search results from the 1986 Pepsi-Cola product information sheet, I can see the specific sweetener information in the nutritional data.

According to the 1986 Pepsi-Cola product information sheet, **aspartame** is the specific sweetener used in all the diet versions of Slice beverages, including:

- Diet Slice
- Diet Mandarin Orange Slice  
- Diet Apple Slice
- Diet Cherry Cola Slice

The document shows a nutritional table that lists ""aspartame"" as one of the components measured per fluid ounce for these diet beverages. The notes in the document also clarify that aspartame is used as the sweetening agent in these diet products, emphasizing that Pepsi-Cola uses only high-quality, FDA-approved ingredients in their beverages.

This was consistent with the time period, as aspartame was a relatively new artificial sweetener that had been approved by the FDA in 1981 for dry goods and 1983 for carbonated beverages, making it the sweetener of choice for diet sodas in the mid-1980s.","Based on the ingredient data sheet, the diet versions of Slice beverages are sweetened with NutraSweet. This is explicitly stated in the bottom right section of the document where it mentions ""Diet versions of all Slice flavors are sweetened with 100% NutraSweet."" The document also shows that the diet varieties (Diet Slice, Diet Mandarin Orange Slice, Diet Apple Slice, and Diet Cherry Cola Slice) contain aspartame in varying amounts (ranging from approximately 11.38 to 15.59 mg per fluid ounce), which is the generic name for the NutraSweet brand sweetener. This product information sheet from October 1986 provides comprehensive nutritional data for the Slice product line, which according to the document was one of the most successful soft drink brand introductions of the previous 20 years, featuring 10% fruit juice content.",0.943553788265541,0.59,1.0
38,"Looking at this R.J. Reynolds Tobacco Company request form for gratis tobacco products from 2004, what is the General Ledger Number listed on the form that would be used for accounting and tracking purposes?",[''],"

Based on my search through the project documents, I found the R.J. Reynolds Tobacco Company request form for gratis tobacco products from October 26, 2004. However, the document analysis provided describes the key details of the form including:

- **Gratis Request Number**: 0088010
- **Date**: October 26, 2004
- **Product**: Eclipse brand cigarettes
- **Delivery details**: To MARC, Inc. in Greensboro, NC
- Various approval signatures and departmental copies

Unfortunately, the document analysis doesn't specifically mention a General Ledger Number being visible on this form. The analysis identifies the gratis request number (0088010) and other tracking information, but doesn't reference a specific General Ledger Number field.

It's possible that:
1. The General Ledger Number might be partially obscured or in a section that wasn't captured in the analysis
2. The form might use a different accounting identifier system
3. The General Ledger Number might be referenced on a different part of the multi-page document process

Would you be able to point out where on the form you see the General Ledger Number, or would you like me to search for other related accounting documents from R.J. Reynolds that might contain this information?","Based on the ""Request for Gratis Tobacco Products"" form from R.J. Reynolds Tobacco Company, the General Ledger Number is clearly listed as 04-75-2350-8750-855. This number appears in the top portion of the form, in a dedicated field labeled ""General Ledger No."" This accounting code would likely be used for internal tracking and financial record-keeping purposes. The form (dated October 26, 2004) is requesting free tobacco products for in-home testing with a delivery date of November 3, 2004 to MARC, Inc. in Greensboro, NC, and this ledger number would help associate these expenses with the proper department and budget category.",0.0,0.24,0.0
39,"According to the cigarette product research document shown in the image, what is the specific circumference measurement of a regular Virginia Slims cigarette as mentioned in the ""Suggestions for Improvements"" section when discussing potential changes to the VSSS product?",[''],"

Based on my search through the project documents, I found the VSSS cigarette product feedback document (file 349.png), but the search results do not contain the specific circumference measurement you're asking about. The document summary mentions that suggestions for improvement include ""offering a low smoke product with a full circumference,"" but I cannot see the specific measurement details for a regular Virginia Slims cigarette that would be mentioned in the ""Suggestions for Improvements"" section.

The document analysis shows that the VSSS product research discussed concerns about the cigarette's thinness and suggested improvements including providing a product with ""full circumference,"" but unfortunately, I cannot locate the specific numerical measurement for a regular Virginia Slims cigarette circumference in the available search results.

To properly answer your question about the specific circumference measurement, I would need access to the actual image content or a more detailed text extraction that includes the exact numerical specifications mentioned in the ""Suggestions for Improvements"" section of that document.

Would you be able to provide more details from the document, or would you like me to search for any other related information about cigarette specifications in the project documents?","Based on the document, a regular Virginia Slims cigarette has a circumference of 23mm (23 millimeters). This information appears on page 4 in the ""Suggestions for Improvements"" section, where the document states that consumers suggested making a low smoke product that was ""full circumference 100 (25 mm) or at least the circumference of a regular Virginia Slims (23mm)."" This measurement is presented as a point of comparison when discussing potential improvements to the VSSS cigarette product, which appears to be thinner than standard Virginia Slims and was marketed primarily to female smokers according to the consumer research detailed in the document.",0.0,0.35,0.0
40,"What is the name and dosage of the medication mentioned in the header section of this clinical progress report document, specifically positioned in the top right corner of the page?",[''],"

Based on my search through the project knowledge base, I found the clinical progress report document you're referring to. 

**Medication Name and Dosage:**
- **Name:** Trimegestone
- **Dosage:** 1mg

This information is found in the header section of a progress report document titled ""PROGRESS REPORT"" that specifically mentions ""Trimegestone (1mg)"" in the header area. The document is a clinical progress report detailing various phases of clinical protocols and paper submissions related to Trimegestone trials, including Phase 1 and Phase 2 protocols studying the bioavailability, pharmacokinetics, and effectiveness of this medication.

The document appears to be tracking the progress of clinical studies and research publications related to Trimegestone, which is being studied for its effects on various physiological parameters including endometrial effects, lipid profiles, and uterine bleeding patterns in the context of menopause treatment.","The medication indicated in the top right corner of this progress report document is Trimegestone (1mg). This appears to be a hormonal medication that is the subject of various clinical trials detailed in the document. The progress report outlines several Phase 1 and Phase 2 protocols related to Trimegestone, including studies on its bioavailability, pharmacokinetics, and effects when combined with conjugated estrogens. The document indicates it is being studied in comparison with medications like Premarin, particularly for use in postmenopausal women. Based on the various research papers listed in the report (dated around 1999), Trimegestone appears to be characterized as ""a new potent and selective steroidal progestin"" that was being investigated for various clinical applications.",0.9456208696193945,0.5,1.0
41,"According to the bar graph in this 14-day smoke inhalation study conducted on mice (TRD-ATS-020), what was the mean tidal volume in milliliters (mls) for the MC exposure group during the pre-exposure period, as indicated by the white bar in the first group shown on the left side of the chart?",[''],"

Perfect! I found the document about the TRD-ATS-020 study. Based on the search results, I can see information about the 14-day smoke inhalation study in mice. The document describes a bar graph with different exposure groups (MC, TLE, TME, THE, RLE, RME, and RHE) showing tidal volume measurements.

According to the document analysis, the bar graph shows:
- The y-axis represents tidal volume in milliliters, ranging from 0 to 0.2 mls
- Each group has two bars: one for pre-exposure (PRE-EXP, represented by empty/white bars) and one for the 60-minute average (60 MIN AVE, represented by hatched bars)
- The MC group is mentioned as the first exposure group

However, the document analysis doesn't provide the specific numerical value for the MC group's pre-exposure tidal volume. The description indicates that the white bar represents the pre-exposure period, but doesn't give me the exact measurement in milliliters.

Based on the information available in the project documents, I can confirm that:
- This is indeed the TRD-ATS-020 14-day smoke inhalation study in mice
- The graph shows tidal volume measurements with a y-axis scale from 0 to 0.2 mls
- The MC group is the first group on the left side of the chart
- The white bar represents the pre-exposure period measurements

Unfortunately, the document analysis doesn't include the specific numerical value that you can read from the white bar for the MC group's pre-exposure tidal volume. To get that exact measurement, you would need to read the value directly from the y-axis where the white bar peaks in the MC group column.","Based on the bar chart titled ""14 DAY SMOKE INHALATION STUDY IN MICE TRD-ATS-020,"" the mean tidal volume for the MC group during pre-exposure (represented by the white/hollow bar) is approximately 0.15 mls. The graph shows pre-exposure measurements compared with 60-minute exposure period averages across seven different exposure groups (MC, TLE, TME, THE, RLE, RME, and RHE). Error bars are included on the chart, indicating some variability in the measurements. The pre-exposure tidal volume for MC appears to be around 0.15 mls, with the corresponding 60-minute average value (shown by the hatched bar) being slightly lower at approximately 0.14 mls.",0.0,0.69,0.0
42,"According to the Methods Development Two-Year Project Plan shown in Appendix IIB, what priority level has been assigned to the first project listed in the table (""Replace Flex Tester""), and how does this priority compare to other projects on the tobacco research planning document?",[''],"

Based on my search results, I can see that I found the relevant documents from the Methods Development Two-Year Project Plan, specifically Appendix IIB from document 266.png. However, the search results provide general descriptions of the table but don't include the specific priority values. Let me provide you with what I've found and what we know from the document:

## 📋 **Analysis of Appendix IIB: Methods Development Two-Year Project Plan**

Based on the search results from the project documents, I can confirm that **Appendix IIB** contains a ""Methods Development Two-Year Project Plan"" table that lists projects to be delegated or dropped. The table includes several key columns:

### **Table Structure:**
- **Project Names** (including ""Replace Flex Tester"" as the first project)
- **R&D Customers** 
- **Priority Levels**
- **Duration in Months**
- **Project Leaders**

### **Projects Listed in the Table:**
The document mentions specific projects including:
1. **""Replace Flex Tester""** (listed as the first project)
2. **""Develop Filter Hardness Method""**
3. **""Water Activity on Snuff""**
4. Additional tobacco research projects

### **Context from Related Documents:**
The search also revealed **Appendix IIA** which shows ""PROJECTS COMMITTED TO DO"" with a similar structure, indicating this was part of a comprehensive project prioritization effort in tobacco research and development.

### **Limitation:**
While I can confirm that the ""Replace Flex Tester"" project is indeed the first project listed in Appendix IIB's table and that the table includes priority levels for all projects, the specific numerical or categorical priority values assigned to each project are not detailed in the extracted text summaries available in the search results.

To provide you with the exact priority level assigned to ""Replace Flex Tester"" and how it compares to other projects, I would need access to the actual image content of document 266.png showing the complete table with all priority values visible.

Would you like me to search for any other related tobacco research planning documents that might contain similar priority information, or do you have access to the actual table where you could verify the specific priority levels?","Based on the project plan document, the first project ""Replace Flex Tester"" has been assigned a priority of 1.0, which is the highest priority level (lowest number) among all the listed projects. This indicates it's the top priority project in the Methods Development plan. The document shows this project is under the responsibility of METH DEV as the R&D customer, has a duration of 6 months, and is assigned to project leader FY. The priority scale in this document ranges from 1.0 (highest) to 13.0 (lowest), with each subsequent project having a lower priority ranking. This appears to be part of a tobacco industry research planning document that outlines various testing and analytical method development projects to be delegated or dropped.",0.0,0.0,0.0
43,"Based on the informational brochure for the Pharmaceutical Education Associates conference ""Publication Planning 2003"" shown in this image, what is the official website URL where potential attendees can register or find more information about the organization hosting this pharmaceutical industry event?",[''],"

I can see you're asking about a Pharmaceutical Education Associates conference brochure, but I don't see any image attached to your message. Could you please share the image of the ""Publication Planning 2003"" brochure so I can help you find the official website URL for registration and more information about the organization?

Once you upload the image, I'll be able to examine the brochure details and provide you with the specific website information you're looking for.","According to the administrative details section on the right side of the brochure, the online address of Pharmaceutical Education Associates is www.pharmedassociates.com. This URL is listed under the ""Online:"" registration option, alongside other contact methods including fax (360-666-3549), mail (Pharmaceutical Education Associates, 18705 NE Cedar Drive, Battle Ground, WA 98604), and phone (800-686-2276). The website appears to be the primary online resource where interested pharmaceutical professionals can register for the Publication Planning 2003 conference, view accommodation details at The Westin Princeton venue, and access information about the various registration options ranging from $1095 to $2195. The brochure also prominently encourages readers to ""Register Today!"" by calling the 800 number or visiting this website.",0.0,0.27,0.0
44,"According to the fax cover sheet from DesignWrite Incorporated dated January 22, 2001, what is the telephone contact number for Karen D. Mittleman, PhD, who is identified as a Senior Medical Writer sending correspondence regarding a ""Low-Dose Review Paper Response""?",[''],"

Based on my search of the project knowledge base, I found the DesignWrite fax document from January 22, 2001, but the search results indicate that while the document mentions Karen D. Mittleman, PhD's sender details ""including her contact information"" in the image description, the specific telephone number is not extracted in the text analysis that's available in the search results.

The document description confirms this is the correct fax:
- **Date**: January 22, 2001, sent at 4:15 PM EST
- **From**: Karen D. Mittleman, PhD, Senior Medical Writer at DesignWrite Incorporated
- **Subject**: ""Low-Dose Review Paper Response""
- **To**: Malcolm Whitehead, MD, at Kings College School of Medicine & Dentistry

The search results indicate that Karen D. Mittleman's contact information is included in the sender details on the fax cover sheet, and that the document footer provides additional contact information for DesignWrite's Princeton, New Jersey location. However, the specific telephone number is not provided in the available text analysis.

To obtain the exact telephone number, I would need access to the actual image file (5400.png) to read the specific contact details that are visible on the fax cover sheet but not captured in the text extraction.","Based on the fax cover sheet visible in the image, Karen D. Mittleman, PhD's phone number is 609-924-1116. This contact information appears in the sender details section of the document, alongside her fax number (609-497-2304) and email address (kmittle@dwrite.com). The document is a formal fax transmission from DesignWrite Incorporated, dated January 22, 2001 at 4:15 PM EST, addressed to Dr. Malcolm Whitehead at Kings College School of Medicine & Dentistry. The company address shown at the bottom of the cover sheet is 189 Wall Street, Princeton, New Jersey 08540, which also lists the same phone number.",0.0,0.5,0.0
45,"Based on this page from ITC Limited's 2013 Report and Accounts, which brand name is specifically associated with the peppermint confectionery products in ITC's portfolio of candy and mint offerings?",[''],"

Perfect! Based on the search results from ITC Limited's 2013 Report and Accounts, I can provide you with the specific information you're looking for.

According to the document analysis from ITC's 2013 Report and Accounts, the brand name specifically associated with peppermint confectionery products in ITC's portfolio of candy and mint offerings is **""Mint-o""**.

The search results show that ITC's confectionery portfolio featured two main brands:
- **Candyman** - for candies and confectionery products in general
- **Mint-o** - specifically for mint and peppermint confectionery products

The document describes that these products were featured in the bottom section of a promotional display, showcasing ""Candyman and Mint-o confectionery products, featuring a variety of candies with emphasis on diverse flavors and formats,"" with both brands having ""wide appeal across different age groups.""

So to directly answer your question: **Mint-o** is the brand name specifically associated with peppermint confectionery products in ITC's candy and mint offerings as shown in their 2013 Report and Accounts.","According to the image from ITC Limited's 2013 Report and Accounts, the brand name for their peppermint confectioneries is ""mint-o"". The image shows a product display featuring two confectionery brands owned by ITC: Candyman and mint-o. The mint-o product line appears to include various mint products including what seems to be ""mint-o Fresh"" and ""mint-o GOL"" in different packaging formats including jars and sachets. The accompanying text states that ""Candyman and mint-o offer a mouth-watering range of confectionery products in a variety of flavours and formats which delight consumers across age groups."" The mint-o brand appears to be specifically focused on mint-based confectionery products in the company's portfolio.",0.9651121335548347,0.71,1.0
46,"According to ITC Limited's 2012 Report and Accounts document, specifically in the section outlining ITC's Sustainability Initiatives and their scale and impact, how many children have been covered by ITC's Supplementary Education Programme as stated in the sustainability metrics?",[''],"

Based on my search through the project documents, I found the relevant information about ITC Limited's sustainability initiatives from their 2012 Report and Accounts. However, the search results provide a description of the document (4748.png) that mentions various sustainability programs including the Supplementary Education Programme, but the specific number of children covered is not clearly stated in the text analysis provided.

The document describes ""ITC's Sustainability Initiatives: Scale and Impact"" which includes various programs such as:
- e-Choupals
- Social and Farm Forestry
- Watershed Development
- Livestock Development 
- Women's Empowerment
- **Supplementary Education**

The search results mention ""impactful statistics"" including empowering over 4 million farmers, generating over 56 million person-days of employment, and reaching over 300,000 milch animals, but the specific number for children covered by the Supplementary Education Programme is not explicitly stated in the extracted text analysis.

To provide you with the exact number of children covered by ITC's Supplementary Education Programme as stated in their 2012 Report and Accounts sustainability metrics, I would need access to the detailed numerical data from the original document that may not have been fully captured in the text extraction process. 

The document I found (4748.png) from ITC's 2012 sustainability report contains the relevant section with these metrics, but the specific figure for children in the education programme is not visible in the available search results.

Would you happen to have access to the original ITC Limited 2012 Report and Accounts document where you could check the specific numerical figure for the Supplementary Education Programme?","Based on the image from ITC Limited's Report and Accounts 2012, the document clearly states that ""ITC's Supplementary Education Programme has covered nearly 270,000 children."" This information appears in the top section of the document titled ""ITC's Sustainability Initiatives: Scale and Impact"" as one of several bullet points highlighting the company's social impact achievements. This education initiative is part of ITC's broader sustainability efforts, which also include programs for farmers, watershed development, livestock development, and women's empowerment, all of which are independently reviewed by Ernst & Young as noted in the review statement in the lower portion of the document.",0.0,0.22,0.0
47,"According to the technical document on tobacco research and filter development, at which academic institution were the experimental web filters for cigarettes produced as mentioned in the ""Web Filter Development"" section?",[''],"

Based on my search through the project documents, I found information related to web filter development and academic institutions. According to the technical document (Document 256.png) titled ""Mechanistic Studies and Experimental Trials on Magnesium Carbonate Fillers,"" there are two academic institutions mentioned in connection with experimental work:

1. **University of Maine** - The document mentions ""Project Tomorrow"" which details a trial at the University of Maine, testing the 'daubing dandy' for paper production under different cellulose slurry conditions.

2. **Forest Products Laboratory** (likely in Wisconsin) - The document mentions a collaboration with a Forest Products Laboratory for cellulose web acetylation, involving the review of patents and preparation for potential cooperative projects.

Additionally, Document 272.png mentions ""development of web filters using specific fiber compositions"" in the context of filter research.

However, I should note that while these documents mention web-related research and filter development at these academic institutions, they don't contain a specific section titled ""Web Filter Development"" that explicitly states where experimental web filters for cigarettes were produced. The University of Maine appears to be involved in paper production trials that could be related to filter materials, while the Forest Products Laboratory was involved in cellulose web acetylation research.

Based on the available information, the **University of Maine** appears to be the most likely answer to your question, as it's specifically mentioned in connection with experimental trials involving cellulose materials and paper production processes that would be relevant to filter development.","According to the document, sample webs were produced at the University of Maine using a specific composition of 75% 1/8"" cut CA (cellulose acetate) staple and 25% softwood fiber. The document details that various refining levels were evaluated during this production process, and that CMC (carboxymethyl cellulose) and PVA (polyvinyl alcohol) binders were utilized to improve elongation properties of the filter material. The sample bobbins produced at the University of Maine are currently undergoing evaluation for filter making machinability, with plans to use them in cigarette production for both analytical testing and subjective evaluation purposes.",0.9185822877409596,0.17,0.0
48,What is the main purpose of the Grocky platform?,[''],"

Based on the project documents, I can provide you with a clear understanding of Grocky's main purpose:

## 🎯 Main Purpose of Grocky Platform

**Grocky** is an **AI-powered job interview preparation platform** designed to help users practice and improve their interview skills through realistic simulation experiences.

### Key Features & Purpose:

**🎤 AI Voice Agent Integration**
- Uses Vapi AI to simulate real interview scenarios with voice interactions
- Provides a natural, conversational interview experience

**📝 Real-Time Feedback & Analysis** 
- Generates AI-based feedback using Google Gemini
- Provides detailed transcripts of interview sessions
- Offers personalized insights on performance

**🎯 Customized Interview Practice**
- Supports different job roles and experience levels
- Covers various tech stacks and technologies
- Balances between behavioral and technical questions
- Generates tailored interview questions based on user preferences

**📊 Performance Tracking**
- Stores interview history and progress
- Provides detailed feedback with scoring across different categories
- Identifies strengths and areas for improvement

### Target Users:
The platform is designed for job seekers who want to:
- Practice interview skills in a safe, controlled environment
- Receive objective feedback on their performance  
- Prepare for specific roles and technical requirements
- Build confidence before actual job interviews

Essentially, Grocky serves as a comprehensive mock interview coach that combines the convenience of AI technology with personalized preparation to help users succeed in their job search process.","Grocky is an AI-powered job interview preparation platform that simulates real interview scenarios using AI voice agents, providing users with real-time feedback and transcripts to help them improve.",0.9999988036715589,0.26,1.0
49,Which technologies are used to build Grocky?,[''],"

Based on the project documents, here are the technologies used to build **Grocky**:

## 🛠️ Core Tech Stack

**Frontend & Framework:**
- **Next.js** - Full-stack React framework for building the frontend and backend logic
- **React** (v19.0.0) - JavaScript library for building user interfaces
- **TypeScript** - Type-safe JavaScript for enhanced development

**Styling & UI:**
- **Tailwind CSS** - Modern, responsive styling framework
- **shadcn/ui** - Modern UI component library
- **Radix UI primitives** - For accessible UI components
- **Lucide React** - Icon library

**Backend & Database:**
- **Firebase** - Backend services including authentication and Firestore database
- **Firebase Admin** - Server-side Firebase SDK

**AI & Voice Integration:**
- **Vapi AI** (@vapi-ai/web) - Voice agent interactions for conducting interviews
- **Google Gemini** (via @ai-sdk/google) - AI-powered feedback generation and question creation
- **AI SDK** - For integrating AI capabilities

**Form Handling & Validation:**
- **React Hook Form** - Form state management
- **Zod** - Runtime type checking and validation
- **Hookform Resolvers** - Integration between React Hook Form and validation schemas

**Development & Build Tools:**
- **ESLint** - Code linting
- **PostCSS** - CSS processing
- **Turbopack** - Fast bundler for development

**Additional Libraries:**
- **Day.js** - Date manipulation
- **Next Themes** - Theme management
- **Sonner** - Toast notifications
- **Class Variance Authority** - Styling utility
- **CLSX** & **Tailwind Merge** - Conditional CSS classes

The platform is designed as an AI-powered job interview preparation tool that uses voice agents to simulate real interview scenarios and provides AI-generated feedback to help users improve their interview skills.","Grocky uses Next.js for frontend and backend logic, Tailwind CSS for styling, Firebase for authentication and backend services, Vapi AI for voice agent interactions, shadcn/ui for UI components, Google Gemini for AI-based feedback, and Zod for input validation.",0.9840284401421986,0.27,1.0
50,How does a user start an interview simulation on Grocky?,[''],"

Based on the project knowledge base, I can explain how users start an interview simulation on Grocky:

## 🎯 How to Start an Interview Simulation on Grocky

### **From the Homepage**
1. **Navigate to the main dashboard** where you'll see the call-to-action section
2. **Click the ""Start an Interview"" button** - this is prominently displayed with the message ""Get Interview-Ready with AI-Powered Practice & Feedback""

### **Two Types of Interview Experiences**

**📝 Generate New Interview:**
- Users are taken to an interview generation page (`/interview`)
- The system uses the `Agent` component with `type=""generate""`
- This allows users to create custom interview scenarios

**🎤 Take Existing Interview:**
- Users can select from available interviews displayed in the ""Take Interviews"" section
- Each interview is presented as an `InterviewCard` showing the role, type, and tech stack
- Clicking on an interview card takes users to the specific interview page (`/interview/[id]`)
- The system loads the `Agent` component with `type=""interview""` along with pre-generated questions

### **The Interview Experience**
Once started, the interview simulation:
- **Uses AI voice agents** powered by Vapi AI for realistic conversation
- **Provides real-time interaction** with speech recognition and response
- **Tracks call status** (inactive → connecting → active → finished)
- **Records conversation transcripts** for later review
- **Generates AI feedback** using Google Gemini after completion

### **Technical Flow**
The platform uses the `Agent` component which:
- Manages call states and voice interactions
- Handles real-time message collection
- Integrates with Firebase for data storage
- Provides seamless navigation between interview phases

The entire experience is designed to simulate realistic job interview scenarios with immediate AI-powered feedback to help users improve their interview skills.

Would you like me to explain any specific aspect of the interview process in more detail?","A user logs in, navigates to the interview section, and initiates an interview session, which starts an AI voice agent using the Agent component.",0.9957536740698694,0.0,0.25
51,How does the Agent component manage the interview call and transcript?,[''],"

Based on the project documentation, I can explain how the Agent component manages interview calls and transcripts:

## 🎯 Agent Component Call & Transcript Management

The Agent component serves as the core interface for managing AI-powered interview sessions with comprehensive call state tracking and real-time transcript handling.

### 📞 **Call Management**

**Call Status Tracking:**
- Uses an enum `CallStatus` with four states: `INACTIVE`, `CONNECTING`, `ACTIVE`, and `FINISHED`
- Maintains call status through React state: `const [callStatus, setCallStatus] = useState<CallStatus>(CallStatus.INACTIVE)`

**Call Lifecycle:**
```typescript
const handleCall = async () => {
  setCallStatus(CallStatus.CONNECTING);
  
  if (type === ""generate"") {
    // For interview generation
    await vapi.start(process.env.NEXT_PUBLIC_VAPI_WORKFLOW_ID!, {
      variableValues: { username: userName, userid: userId }
    });
  } else {
    // For actual interviews with formatted questions
    await vapi.start(interviewer, {
      variableValues: { questions: formattedQuestions }
    });
  }
};
```

### 📝 **Transcript Management**

**Real-time Message Handling:**
- Stores transcript messages in state: `const [messages, setMessages] = useState<SavedMessage[]>([])`
- Each message has structure: `{ role: ""user"" | ""system"" | ""assistant"", content: string }`

**Message Processing:**
```typescript
const onMessage = (message: Message) => {
  if (message.type === ""transcript"" && message.transcriptType === ""final"") {
    const newMessage = {
      role: message.role,
      content: message.transcript
    };
    setMessages((prev) => [...prev, newMessage]);
  }
};
```

### 🔄 **Event Handling System**

**VAPI Event Listeners:**
The component registers multiple event handlers for comprehensive call management:

```typescript
useEffect(() => {
  vapi.on(""call-start"", onCallStart);
  vapi.on(""call-end"", onCallEnd);
  vapi.on(""message"", onMessage);
  vapi.on(""speech-start"", onSpeechStart);
  vapi.on(""speech-end"", onSpeechEnd);
  vapi.on(""error"", onError);
  
  // Cleanup on unmount
  return () => {
    vapi.off(""call-start"", onCallStart);
    vapi.off(""call-end"", onCallEnd);
    vapi.off(""message"", onMessage);
    vapi.off(""speech-start"", onSpeechStart);
    vapi.off(""speech-end"", onSpeechEnd);
    vapi.off(""error"", onError);
  };
}, []);
```

### 💡 **Smart State Management**

**Visual Feedback:**
- `isSpeaking` state shows when AI is speaking with animated indicators
- `lastMessage` displays the most recent transcript content with fade-in animations

**Automatic Feedback Generation:**
When a call ends, the component automatically processes the collected transcript:

```typescript
const handleGenerateFeedback = async (messages: SavedMessage[]) => {
  const { success, feedbackId: id } = await createFeedback({
    interviewId: interviewId!,
    userId: userId!,
    transcript: messages,
    feedbackId,
  });
  
  if (success && id) {
    router.push(`/interview/${interviewId}/feedback`);
  }
};
```

### 🎨 **UI Integration**

The component provides real-time visual feedback:
- Shows AI interviewer avatar with speaking animation
- Displays user profile information
- Shows live transcript with smooth transitions
- Provides call control buttons based on current status

The Agent component efficiently bridges the gap between VAPI's voice AI capabilities and the application's interview management system, ensuring seamless call handling and comprehensive transcript collection for feedback generation.

What specific aspect of the call or transcript management would you like me to elaborate on further?","The Agent component uses the Vapi SDK to start and manage the AI voice call, listens for events like call start, end, and transcript messages, and updates the UI with the current call status and transcript.",0.0,0.21,0.75
52,How does Grocky provide feedback to users after an interview?,[''],"

Based on my analysis of the Grocky project documentation, I can provide you with a comprehensive overview of how Grocky provides feedback to users after interviews.

## 🎯 How Grocky Provides Feedback After Interviews

Grocky delivers detailed, structured feedback to users following their AI-powered mock interviews through a comprehensive feedback system:

### ⭐ Overall Performance Score
- Users receive an **Overall Impression score out of 100** points
- This score is prominently displayed with a star icon
- The timestamp shows when the feedback was generated

### 📊 Detailed Category Breakdown
The feedback system evaluates performance across **five key categories**:

1. **Communication Skills** - How effectively the candidate expressed their thoughts
2. **Technical Knowledge** - Depth of understanding in relevant technologies
3. **Problem Solving** - Ability to approach and solve challenges
4. **Cultural Fit** - Alignment with workplace culture and values  
5. **Confidence and Clarity** - Presentation skills and self-assurance

Each category includes:
- Individual score out of 100 points
- Detailed written comments explaining the assessment

### 💡 Actionable Insights
The feedback provides two crucial sections for improvement:

**Strengths:**
- Lists specific areas where the candidate performed well
- Highlights positive aspects of their interview performance

**Areas for Improvement:**
- Identifies specific skills or topics that need development
- Provides targeted guidance for future preparation

### 📝 Final Assessment Summary
Users receive a comprehensive **final assessment** that synthesizes all feedback into an overall evaluation, providing context for their performance and guidance for next steps.

### 🔄 User Experience Features
- **Accessible from Dashboard:** Users can easily access feedback through interview cards showing their score preview
- **Retake Option:** Direct link to retake the same interview for improvement
- **Navigation:** Simple return to dashboard or review other interviews

### 💾 Persistent Storage
All feedback is stored permanently, allowing users to:
- Track their progress over time
- Compare performance across different interviews
- Reference specific feedback for targeted improvement

This structured approach ensures users receive both quantitative scores and qualitative insights, making their interview preparation more effective and targeted.","After the interview ends, the Agent component triggers the createFeedback action, which saves the transcript and navigates the user to the feedback page, where AI-generated feedback is displayed.",0.9979666215676216,0.07,0.0
53,How is authentication handled in Grocky?,[''],"

Based on my search through the Grocky project knowledge base, I can provide you with a comprehensive overview of how authentication is handled in Grocky.

## 🔐 Authentication in Grocky

Grocky uses **Firebase Authentication** as its primary authentication service, implemented with both client-side and server-side configurations for secure user management.

### **Firebase Configuration**

**Client-side Setup (`client.ts`):**
- Configures Firebase app with environment variables for security
- Exports `auth` and `db` instances for use throughout the application
- Uses Next.js environment variables (prefixed with `NEXT_PUBLIC_`)

**Server-side Setup (`admin.ts`):**
- Initializes Firebase Admin SDK for server-side operations
- Uses service account credentials from environment variables
- Provides admin access to authentication and Firestore

### **Authentication Flow**

**1. Sign Up Process:**
- User fills out form with name, email, and password
- Uses Zod for form validation (minimum 3 characters for name/password)
- Creates Firebase user with `createUserWithEmailAndPassword()`
- Stores additional user data in database through custom `signUp()` action
- Shows success toast and redirects to sign-in page

**2. Sign In Process:**
- User provides email and password
- Authenticates with `signInWithEmailAndPassword()`
- Retrieves ID token from authenticated user
- Calls custom `signIn()` action with email and token
- Redirects to home page on success

### **Route Protection**

**Auth Layout (`layout_auth.tsx`):**
- Checks if user is already authenticated using `isAuthenticated()`
- Redirects authenticated users away from auth pages (sign-in/sign-up)

**Interview Layout (`layout_interview.tsx`):**
- Protects interview pages by checking authentication status
- Redirects unauthenticated users to sign-in page
- Includes navigation bar with Grocky branding

### **UI Components**

**AuthForm Component:**
- Single reusable component for both sign-in and sign-up
- Uses React Hook Form with Zod validation
- Conditional rendering based on `type` prop (""sign-in"" or ""sign-up"")
- Includes error handling with toast notifications
- Professional styling with Grocky branding

**Form Fields:**
- Custom FormField components for email, password, and name inputs
- Built with shadcn/ui and proper accessibility features

### **Environment Variables Required**

The authentication system requires these environment variables:

```env
# Client-side Firebase config
NEXT_PUBLIC_FIREBASE_API_KEY=
NEXT_PUBLIC_FIREBASE_AUTH_DOMAIN=
NEXT_PUBLIC_FIREBASE_PROJECT_ID=
NEXT_PUBLIC_FIREBASE_STORAGE_BUCKET=
NEXT_PUBLIC_FIREBASE_MESSAGING_SENDER_ID=
NEXT_PUBLIC_FIREBASE_APP_ID=

# Server-side Firebase admin config
FIREBASE_PROJECT_ID=
FIREBASE_CLIENT_EMAIL=
FIREBASE_PRIVATE_KEY=
```

### **Key Features**

✅ **Secure**: Uses Firebase Authentication with proper token handling  
✅ **User-friendly**: Toast notifications for feedback and smooth redirects  
✅ **Validated**: Form validation with Zod schemas  
✅ **Protected**: Route protection prevents unauthorized access  
✅ **Responsive**: Modern UI with Tailwind CSS styling

The authentication system is well-architected, following Next.js best practices with proper separation between client and server-side Firebase configurations, making it both secure and maintainable.","Authentication is managed using Firebase, with the AuthForm component providing the UI for login and registration.",0.9999999999999996,0.1,0.5
54,How does the platform ensure real-time updates during an interview?,[''],"

Based on the code analysis from the Grocky platform, I can explain how the platform ensures real-time updates during an interview:

## 🎙️ Real-Time Updates During Interviews

The Grocky platform achieves real-time updates through a sophisticated event-driven architecture using the **Vapi AI SDK** and **React hooks**. Here's how it works:

### **Event-Driven Architecture**
The platform uses the Vapi AI SDK to establish real-time communication with the AI voice agent. The `Agent` component sets up multiple event listeners that respond instantly to various interview states:

- **`call-start`** - Triggered when the interview begins
- **`call-end`** - Fired when the interview session ends  
- **`message`** - Captures real-time transcription data
- **`speech-start/speech-end`** - Detects when someone starts or stops speaking
- **`error`** - Handles any connectivity or processing issues

### **Real-Time Transcription Processing**
The most critical aspect for real-time updates is the message handler:

```typescript
const onMessage = (message: Message) => {
  if (message.type === ""transcript"" && message.transcriptType === ""final"") {
    const newMessage = {
      role: message.role,
      content: message.transcript
    };
    setMessages((prev) => [...prev, newMessage]);
  }
};
```

This ensures that:
- ✅ **Final transcripts** are immediately captured and stored
- ✅ **Role-based messages** distinguish between user and AI responses
- ✅ **State updates** trigger automatic UI re-renders

### **Visual Feedback System**
The platform provides immediate visual feedback through:

- **Speaking indicators** - Shows when the AI or user is speaking
- **Call status updates** - Displays connection states (INACTIVE → CONNECTING → ACTIVE → FINISHED)
- **Message accumulation** - Real-time transcript history builds up during the conversation

### **React State Management**
Multiple React hooks work together to maintain real-time state:

- `callStatus` - Tracks the current interview phase
- `messages` - Stores the complete conversation transcript
- `isSpeaking` - Indicates current speech activity
- `lastMessage` - Keeps track of the most recent exchange

### **Automatic Cleanup**
The platform ensures reliable operation by properly cleaning up event listeners when components unmount, preventing memory leaks and ensuring consistent performance across multiple interview sessions.

This architecture ensures that users experience seamless, real-time interaction during their AI-powered mock interviews, with immediate transcription feedback and visual cues about the conversation flow.

What specific aspect of the real-time functionality would you like me to explore further?","The Agent component listens for Vapi SDK events such as 'message' for transcript updates and 'speech-start'/'speech-end' for speaking status, updating the UI in real time.",0.9479401649025684,0.64,0.75
55,How does Grocky use Google Gemini?,[''],"

Based on my search through the Grocky project documentation, here's how Google Gemini is integrated and used in the platform:

## 🤖 Google Gemini Integration in Grocky

Google Gemini serves as a key AI component in Grocky's interview preparation platform, specifically used for **AI-based feedback generation**. Here's the breakdown:

### 📝 **Primary Use: Interview Question Generation**
Grocky uses Google Gemini 2.0 Flash model to dynamically generate personalized interview questions. The integration works as follows:

- **Model**: `gemini-2.0-flash-001`
- **Library**: Uses the `@ai-sdk/google` package and the `generateText` function from the `ai` library
- **API Key**: Configured via `GOOGLE_GENERATIVE_AI_API_KEY` environment variable

### 🔧 **Technical Implementation**
The system creates customized interview questions by sending structured prompts to Gemini that include:
- Job role and experience level
- Technology stack requirements  
- Interview type (behavioral vs technical focus)
- Number of questions needed

The AI generates questions formatted specifically for voice assistants (avoiding special characters that could break speech synthesis).

### 🎯 **Integration Points**
1. **Question Generation API** (`/api/vapi/generate/route.ts`): Uses Gemini to create interview questions
2. **Voice-Optimized Output**: Questions are formatted for Vapi AI voice agents
3. **Database Storage**: Generated questions are stored in Firebase for interview sessions
4. **Real-time Feedback**: While the search results primarily show question generation, the README indicates Gemini is also used for ""AI-based feedback""

### 🔄 **Workflow Integration**
Gemini works alongside other technologies in Grocky's stack:
- **Vapi AI**: Handles voice interactions during interviews
- **Firebase**: Stores generated content and user data
- **Next.js**: Provides the web framework for the application

The Google Gemini integration makes Grocky's interview preparation more personalized and dynamic, creating tailored questions that match specific job requirements and candidate experience levels.

Would you like me to explore any specific aspect of this integration in more detail?","Google Gemini is used to generate AI-based feedback on the user's interview performance, which is shown on the feedback page after the interview.",0.9502416290362284,0.0,0.0
56,What is the role of the InterviewCard component?,[''],"

Based on my search of the project knowledge base, I can provide you with comprehensive information about the **InterviewCard component** and its role in the Grocky application.

## 📋 Role of the InterviewCard Component

The **InterviewCard** component is a **React-based UI component** that serves as a visual representation of interview sessions within the Grocky AI-powered interview practice platform. Here are its key roles:

### Core Functionality
- **📝 Interview Display**: Displays information about individual interviews including role, type, technology stack, and creation date
- **📊 Feedback Integration**: Shows interview feedback and scores when available, or prompts users to take the interview if not completed
- **🔗 Navigation Helper**: Provides buttons to either view interview details or check feedback based on completion status

### Component Props
The InterviewCard accepts these properties:
```typescript
interface InterviewCardProps {
  interviewId?: string;
  userId?: string;
  role: string;
  type: string;
  techstack: string[];
  createdAt?: string;
}
```

### Key Features
- **🎯 Visual Interview Cards**: Creates attractive cards with cover images, role titles, and interview metadata
- **📅 Date Display**: Shows formatted creation dates using dayjs
- **⭐ Score Display**: Displays feedback scores (out of 100) or ""---"" if not taken
- **🏷️ Type Badges**: Color-coded badges for different interview types (Behavioral, Technical, Mixed)
- **🛠️ Technology Icons**: Displays relevant technology stack icons using the DisplayTechIcons component
- **🔄 Conditional Rendering**: Shows different content and buttons based on whether feedback exists

### Usage in the Application
The InterviewCard is used in two main contexts on the home page:

1. **""Your Interviews"" Section**: Shows completed/past interviews with feedback
2. **""Take Interviews"" Section**: Shows available interviews that can be taken

### User Experience
- **Feedback Available**: Shows ""Check Feedback"" button linking to `/interview/${interviewId}/feedback`
- **No Feedback**: Shows ""View Interview"" button linking to `/interview/${interviewId}` 
- **Preview Text**: Displays final assessment from feedback or placeholder text encouraging users to take the interview

The InterviewCard component essentially serves as the primary interface element for users to interact with their interview history and discover new practice opportunities within the Grocky platform.","The InterviewCard component displays information about available or past interviews, including details like interview type, status, and actions to start or review an interview.",0.9337288927193353,0.1,0.75
57,How does the feedback page present results to the user?,[''],"

Based on the project documentation I found, here's how the feedback page presents results to users:

## 📊 Feedback Page Architecture

The feedback page (implemented in `page_feeback.tsx`) presents interview results through a structured layout with several key components:

### **Header Section**
- **Page Title**: ""Feedback on the Interview - [Role] Interview"" where role is capitalized (e.g., ""Frontend Developer Interview"")
- **Overall Impression Score**: Displayed with a star icon, showing the total score out of 100 (e.g., ""85/100"")
- **Date/Time**: Shows when the feedback was created, formatted as ""MMM D, YYYY h:mm A"" (e.g., ""Dec 15, 2024 2:30 PM"")

### **Main Content Structure**

**1. Final Assessment**
- Displays `feedback.finalAssessment` - a comprehensive written evaluation of the interview performance

**2. Interview Breakdown**
- **Category Scores**: Shows detailed scoring for specific evaluation categories:
  - Communication Skills
  - Technical Knowledge  
  - Problem Solving
  - Cultural Fit
  - Confidence and Clarity
  
- Each category displays:
  - Category name and score (e.g., ""Technical Knowledge (78/100)"")
  - Detailed comments explaining the rating

**3. Strengths Section**
- Bulleted list of the candidate's strengths identified during the interview
- Each strength is displayed as a list item

**4. Areas for Improvement**
- Bulleted list of areas where the candidate can improve
- Each improvement area is displayed as a list item

**5. Action Buttons**
- **""Back to dashboard""** - Secondary button to return to homepage
- **""Retake Interview""** - Primary button to attempt the same interview again

### **Visual Design Elements**
- Uses icons (star, calendar) for visual enhancement
- Horizontal divider (`<hr>`) separates sections
- Responsive flex layouts for proper alignment
- Color coding with primary colors for emphasis

This structure provides users with comprehensive feedback that's both actionable and easy to digest, helping them understand their performance and areas for growth.","The feedback page displays the AI-generated feedback, the full transcript of the interview, and may include suggestions for improvement.",0.9589432663839038,0.26,0.0
58,How does Grocky handle environment configuration for third-party services?,[''],"

Based on the project documentation, I can provide a comprehensive overview of how Grocky handles environment configuration for third-party services:

## 🔧 Environment Configuration in Grocky

Grocky follows a **secure and organized approach** to environment configuration using environment variables stored in a `.env.local` file at the root directory.

### **Configuration Structure**

The application requires configuration for **four main third-party services**:

#### 🔥 **Firebase Configuration**
For authentication and backend services:
- `NEXT_PUBLIC_FIREBASE_API_KEY`
- `NEXT_PUBLIC_FIREBASE_AUTH_DOMAIN`
- `NEXT_PUBLIC_FIREBASE_PROJECT_ID`
- `NEXT_PUBLIC_FIREBASE_STORAGE_BUCKET`
- `NEXT_PUBLIC_FIREBASE_MESSAGING_SENDER_ID`
- `NEXT_PUBLIC_FIREBASE_APP_ID`

#### 🔐 **Firebase Admin SDK**
For server-side operations:
- `FIREBASE_PROJECT_ID`
- `FIREBASE_CLIENT_EMAIL`
- `FIREBASE_PRIVATE_KEY`

#### 🎤 **Vapi AI Configuration**
For voice agent interactions:
- `NEXT_PUBLIC_VAPI_WEB_TOKEN`
- `NEXT_PUBLIC_VAPI_WORKFLOW_ID`

#### 🤖 **Google Gemini AI**
For AI-based feedback generation:
- `GOOGLE_GENERATIVE_AI_API_KEY`

#### 🌐 **Application Base URL**
- `NEXT_PUBLIC_BASE_URL`

### **Implementation Details**

**1. Client-Side Firebase Configuration (`client.ts`)**
```typescript
const firebaseConfig = {
  apiKey: process.env.NEXT_PUBLIC_FIREBASE_API_KEY,
  authDomain: process.env.NEXT_PUBLIC_FIREBASE_AUTH_DOMAIN,
  projectId: process.env.NEXT_PUBLIC_FIREBASE_PROJECT_ID,
  // ... other config values
};
```

**2. Server-Side Firebase Admin Configuration (`admin.ts`)**
```typescript
credential: cert({
  projectId: process.env.FIREBASE_PROJECT_ID,
  clientEmail: process.env.FIREBASE_CLIENT_EMAIL,
  privateKey: process.env.FIREBASE_PRIVATE_KEY?.replace(/\\\\n/g, ""\\n""),
})
```

**3. Google Gemini Integration**
The API integrates with Google's Gemini model for generating interview questions and feedback using the `GOOGLE_GENERATIVE_AI_API_KEY`.

### **Security Best Practices**

✅ **Environment Variable Separation**: Client-side variables use `NEXT_PUBLIC_` prefix for proper exposure  
✅ **Private Key Handling**: Firebase private keys are properly formatted with newline character replacement  
✅ **Secure Admin SDK**: Server-side Firebase operations use separate admin credentials  
✅ **No Hardcoded Secrets**: All sensitive information is externalized to environment variables

### **Setup Process**

Users need to create a `.env.local` file and populate it with values from:
- Firebase project console
- Vapi AI account dashboard  
- Google Cloud Console (for Gemini API)
- Their deployment URL (for base URL)

This approach ensures **secure credential management** while maintaining easy deployment across different environments (development, staging, production).

Would you like me to explain any specific aspect of the environment configuration in more detail?","Environment variables for Vapi, Google Gemini, and Firebase are set in a .env.local file, which is required for the app to connect to these services.",0.9999986533994857,0.25,0.75
59,How does the user interact with the AI interviewer during a session?,[''],"

Based on the project documentation, I can explain how users interact with the AI interviewer during a session in Grocky:

## 🗣️ Voice-Based Interview Session

During an interview session, users interact with the AI interviewer through **voice conversation** using the Vapi AI voice agent technology. Here's how the interaction works:

### **Session Interface**
- Users see two profile cards side-by-side: the **AI Interviewer** (with an AI avatar) and their own **User Profile** card
- A **live transcript** appears below, showing the most recent message with fade-in animations
- The AI interviewer's avatar includes a **visual speaking indicator** that animates when the AI is talking

### **Voice Interaction Flow**
1. **Starting the Call**: Users click a ""Call"" button to initiate the voice session
2. **Real-time Conversation**: Users speak naturally with the AI interviewer through their device's microphone
3. **Live Transcription**: The conversation is transcribed in real-time, with both user and AI responses captured
4. **Natural Dialog**: The AI interviewer:
   - Follows a structured question flow based on the interview type
   - Responds naturally and asks follow-up questions
   - Maintains a professional yet warm conversational tone
   - Keeps responses concise (like a real voice interview)

### **Session Controls**
- **Call Status Tracking**: Shows connection states (INACTIVE → CONNECTING → ACTIVE → FINISHED)
- **End Call Button**: Users can disconnect at any time during an active session
- **Visual Feedback**: Animation indicators show when the AI is speaking vs. listening

### **Session Types**
- **Interview Practice**: Structured interviews with pre-generated questions based on role, experience level, and tech stack
- **Question Generation**: Interactive sessions to help users prepare custom interview questions

### **Automatic Processing**
Once the session ends, the system automatically:
- Saves the complete conversation transcript
- Generates detailed feedback using Google Gemini AI
- Redirects users to view their personalized feedback report

The entire experience is designed to simulate a realistic job interview environment while providing the convenience of AI-powered practice and instant feedback.

How would you like to get started with practicing your interview skills?","The user speaks with the AI interviewer via the Agent component, which manages the voice call and displays both the AI and user avatars, as well as the live transcript.",0.9416848891242467,0.0,0.5
60,How does Grocky store and retrieve interview transcripts?,[''],"

Based on the documentation I've found, I can now provide you with a comprehensive answer about how Grocky stores and retrieves interview transcripts.

## 📝 How Grocky Stores and Retrieves Interview Transcripts

Grocky uses a sophisticated system for handling interview transcripts that involves real-time capture, processing, and storage. Here's the complete workflow:

### 🎤 **Transcript Capture Process**

**Real-time Collection via Vapi AI:**
- During interviews, Grocky uses **Vapi AI** for voice agent interactions
- The system listens for transcript messages in real-time through event handlers
- Only ""final"" transcript messages are captured (not partial/draft ones)
- Messages are structured with role identification (`user`, `system`, `assistant`) and content

**Message Processing:**
```typescript
const onMessage = (message: Message) => {
  if (message.type === ""transcript"" && message.transcriptType === ""final"") {
    const newMessage = {
      role: message.role,
      content: message.transcript
    };
    setMessages((prev) => [...prev, newMessage]);
  }
};
```

### 💾 **Storage Architecture**

**Database:** Firebase Firestore
- Transcripts are stored as part of the feedback creation process
- Interview data and feedback are stored in separate collections
- Uses both client-side and admin SDK configurations for different operations

**Data Structure:**
- **SavedMessage Interface:**
  - `role`: ""user"" | ""system"" | ""assistant"" 
  - `content`: string (the actual transcript text)
- **Feedback Document:**
  - Contains the complete transcript array
  - Includes interview analysis, scores, and assessments
  - Links to specific interview and user IDs

### 🔄 **Storage Workflow**

1. **During Interview:**
   - Transcripts accumulate in real-time in component state
   - Last message is displayed to user for immediate feedback

2. **After Interview Completion:**
   - `handleGenerateFeedback` function is triggered
   - Complete transcript array is passed to `createFeedback` function
   - Data is stored in Firestore with AI-generated analysis

3. **Storage Parameters:**
   ```typescript
   await createFeedback({
     interviewId: interviewId!,
     userId: userId!,
     transcript: messages, // Complete transcript array
     feedbackId,
   });
   ```

### 🔍 **Retrieval Process**

**Database Queries:**
- Feedback retrieval by interview and user ID
- Interview data fetched separately for context
- User-specific interview history available

**Display Components:**
- **Feedback Page:** Shows complete interview analysis with transcript context
- **Interview Cards:** Display summary information and scores
- **Dashboard:** Lists user's interview history with quick access

### 🏗️ **Technical Implementation**

**Environment Configuration:**
- Firebase project credentials via environment variables
- Vapi AI integration tokens
- Google Gemini for AI analysis of transcripts

**Security & Access:**
- User authentication required for all operations
- Interview data tied to specific user IDs
- Firebase rules ensure data privacy and access control

The system ensures that every spoken word during the interview is captured, processed through AI for feedback generation, and stored securely for future reference and skill improvement tracking.

Would you like me to explore any specific aspect of the transcript handling system in more detail?","Transcripts are collected in real time during the interview and saved via the createFeedback action, which stores them in the backend (Firebase or another service).",0.9999990750747253,0.18,0.25
61,How does the app validate user input in forms?,[''],"

Based on my analysis of the project documents, here's how the Grocky app validates user input in forms:

## 📝 Form Validation Architecture

The app uses a **comprehensive validation stack** combining multiple libraries for robust input validation:

### 🔧 Core Technologies
- **Zod** - Schema validation and type safety
- **React Hook Form** - Form state management and validation
- **@hookform/resolvers/zod** - Integration between React Hook Form and Zod

### 🛡️ Validation Implementation

**1. Schema Definition**
The app defines validation schemas using Zod with conditional rules:

```typescript
const authFormSchema = (type: FormType) => {
  return z.object({
    name: type === ""sign-up"" ? z.string().min(3) : z.string().optional(),
    email: z.string().email(),
    password: z.string().min(3),
  });
};
```

**2. Form Setup with Validation**
Forms are configured with Zod resolver for automatic validation:

```typescript
const form = useForm<z.infer<typeof formSchema>>({
  resolver: zodResolver(formSchema),
  defaultValues: {
    name: """",
    email: """",
    password: """",
  },
});
```

### ✅ Validation Rules Applied

**Email Validation:**
- Must be a valid email format using `z.string().email()`

**Password Validation:**
- Minimum 3 characters required with `z.string().min(3)`

**Name Validation (Sign-up only):**
- Minimum 3 characters for sign-up forms
- Optional field for sign-in forms

**Conditional Validation:**
- Different validation rules based on form type (sign-up vs sign-in)

### 🎯 Error Display System

**Real-time Validation:**
- Uses `FormMessage` component to display validation errors
- Errors appear automatically when validation fails
- Integrated with form state management

**Error Handling Pattern:**
```typescript
<FormField
  control={form.control}
  name=""email""
  label=""Email""
  placeholder=""Your email address""
  type=""email""
/>
// FormMessage automatically displays validation errors
```

### 🚨 Multi-Layer Error Handling

**1. Client-side Validation**
- Immediate feedback through Zod schema validation
- Real-time error display using FormMessage components

**2. Server Response Handling**
- Additional validation on form submission
- Toast notifications for success/error states using Sonner

**3. Firebase Integration**
- Backend validation through Firebase Auth
- Custom error messages for authentication failures

### 💡 User Experience Features

- **Live Validation**: Errors appear as users type or blur fields
- **Visual Feedback**: Error messages styled with destructive text colors
- **Accessibility**: Proper ARIA attributes for screen readers
- **Toast Notifications**: Success/error feedback after form submission

This validation system ensures data integrity while providing excellent user experience with immediate, clear feedback on input errors.","The app uses the Zod library for input validation, ensuring that user-provided data meets the required schema before processing.",0.9198032475787623,0.0,0.25
62,How does the platform support both frontend and backend logic?,[''],"

Based on my analysis of the project documentation, here's how the platform supports both frontend and backend logic:

## 🏗️ Full-Stack Architecture with Next.js

**Grocky** leverages **Next.js** as its core framework, which provides unified support for both frontend and backend development in a single codebase.

### 🖥️ Frontend Logic

**Client-Side Components:**
- **React Components**: Built with modern React 19, including form components, UI elements, and interactive features
- **Authentication UI**: Client-side authentication forms using Firebase Auth with `createUserWithEmailAndPassword` and `signInWithEmailAndPassword`
- **State Management**: Uses React hooks (`useState`, `useEffect`) for component state and side effects
- **Form Handling**: React Hook Form with Zod validation for input validation and form management
- **Voice Integration**: Vapi AI integration for real-time voice agent interactions and call management

**Client-Side Firebase Configuration:**
```typescript
// client.ts - Frontend Firebase config
const firebaseConfig = {
  apiKey: process.env.NEXT_PUBLIC_FIREBASE_API_KEY,
  authDomain: process.env.NEXT_PUBLIC_FIREBASE_AUTH_DOMAIN,
  projectId: process.env.NEXT_PUBLIC_FIREBASE_PROJECT_ID,
  // ... other client configs
};
```

### ⚙️ Backend Logic

**Server-Side API Routes:**
- **Next.js API Routes**: Located in `/app/api/vapi/generate/route.ts` for server-side processing
- **POST Endpoint**: Handles interview question generation using Google's Gemini AI
- **Database Operations**: Server-side Firestore operations for data persistence

**Server-Side Firebase Configuration:**
```typescript
// admin.ts - Backend Firebase Admin SDK
initializeApp({
  credential: cert({
    projectId: process.env.FIREBASE_PROJECT_ID,
    clientEmail: process.env.FIREBASE_CLIENT_EMAIL,
    privateKey: process.env.FIREBASE_PRIVATE_KEY,
  }),
});
```

### 🔄 Seamless Integration

**Unified Data Flow:**
1. **Frontend** collects user input through React forms
2. **API Routes** process requests server-side with Google AI integration
3. **Backend** stores generated data in Firestore
4. **Frontend** displays results with real-time updates

**Environment Variables:**
- Client-side vars prefixed with `NEXT_PUBLIC_` for browser access
- Server-side vars for sensitive operations (Firebase Admin, AI keys)

**Key Benefits:**
- **Single Codebase**: Both frontend and backend logic in one Next.js project
- **Shared Types**: TypeScript interfaces used across client and server
- **Automatic API Routes**: File-based routing system for backend endpoints
- **Full-Stack Deployment**: Single deployment for entire application

The platform effectively uses Next.js's hybrid approach, where React handles the interactive frontend while API routes provide robust backend functionality, all unified under a single modern web framework.

What specific aspect of the frontend-backend integration would you like me to explore further?","Grocky uses Next.js, which allows for both frontend React components and backend API routes in the same codebase.",0.9999999999999997,0.48,0.75
63,How does the Agent component handle call status changes?,[''],"

Based on the search results from the project knowledge base, I can explain how the Agent component handles call status changes:

## 📞 Agent Component Call Status Management

The Agent component uses a structured approach to manage call status changes through React hooks and event listeners:

### 🔄 CallStatus Enum
The component defines four distinct call states:
```typescript
enum CallStatus {
  INACTIVE = ""INACTIVE"",     // Initial state, no active call
  CONNECTING = ""CONNECTING"", // Call is being initiated
  ACTIVE = ""ACTIVE"",         // Call is in progress
  FINISHED = ""FINISHED""      // Call has ended
}
```

### 🎛️ State Management
Call status is tracked using React's `useState` hook:
```typescript
const [callStatus, setCallStatus] = useState<CallStatus>(CallStatus.INACTIVE);
```

### 🎧 Event-Driven Status Updates
The component uses `useEffect` to set up event listeners that automatically update the call status based on VAPI events:

**Event Handlers:**
- **`onCallStart`** → Sets status to `CallStatus.ACTIVE`
- **`onCallEnd`** → Sets status to `CallStatus.FINISHED`
- **Manual initiation** → Sets status to `CallStatus.CONNECTING` via `handleCall()`

### 🔄 Status Change Workflow
1. **INACTIVE** → **CONNECTING**: When user clicks the call button
2. **CONNECTING** → **ACTIVE**: When VAPI fires the ""call-start"" event
3. **ACTIVE** → **FINISHED**: When VAPI fires the ""call-end"" event
4. **FINISHED** → **INACTIVE**: Ready for next call cycle

### 📋 Status-Based Actions
The component uses another `useEffect` to trigger actions based on status changes:

```typescript
useEffect(() => {
  if (callStatus === CallStatus.FINISHED) {
    if (type === ""generate"") {
      router.push(""/"");
    } else {
      handleGenerateFeedback(messages);
    }
  }
}, [messages, callStatus, feedbackId, interviewId, router, type, userId]);
```

### 🎨 UI Responsiveness
The call status directly controls the UI appearance:
- **INACTIVE/FINISHED**: Shows ""Call"" button
- **CONNECTING**: Shows ""..."" with pulsing animation
- **ACTIVE**: Shows ""End"" button for disconnection

This event-driven architecture ensures the component stays synchronized with the VAPI call lifecycle and provides appropriate user feedback at each stage.","The Agent component tracks call status using React state and Vapi SDK events, updating the UI to reflect whether the call is connecting, active, or finished.",0.9999999999999997,0.32,0.75
64,How does Grocky ensure a modern and responsive UI?,[''],"

Based on my analysis of the Grocky project documentation, here's how Grocky ensures a modern and responsive UI:

## 🎨 **Modern Tech Stack Foundation**

**Tailwind CSS** serves as the core styling framework, providing:
- Modern, utility-first responsive styling approach
- Built-in responsive design classes for all screen sizes
- Consistent spacing, typography, and color schemes

**shadcn/ui** component library offers:
- Pre-built, accessible UI components with modern design patterns  
- Consistent styling and behavior across the application
- Built on top of Radix UI primitives for accessibility

## 🔧 **Advanced Styling Architecture**

**Class Variance Authority (CVA)** enables sophisticated component variants:
- Dynamic styling based on component props and states
- Multiple size and style variants (default, destructive, outline, secondary, ghost, link)
- Responsive sizing options (sm, default, lg, icon)

**Tailwind Utilities Integration**:
- `tailwind-merge` for intelligent class merging
- `tailwindcss-animate` for smooth transitions and animations
- `clsx` for conditional class application

## 📱 **Responsive Design Implementation**

**Component-Level Responsiveness**:
- Button components with adaptive sizing and spacing
- Form components that work across device sizes
- Flexible layouts using CSS Grid and Flexbox utilities

**Typography & Visual Design**:
- Custom Google Font (Mona Sans) for modern typography
- Dark theme by default with sophisticated color schemes
- Consistent spacing and visual hierarchy

## 🎯 **Modern UX Features**

**Interactive Elements**:
- Smooth animations and transitions on UI components
- Focus states and accessibility considerations built-in
- Loading states and visual feedback (like animated ping effects)

**Theme System**:
- Robust dark theme implementation
- CSS custom properties for consistent theming
- next-themes integration for theme management

## 🏗️ **Component Architecture**

The UI components follow modern patterns:
- TypeScript for type safety and better developer experience
- React Hook Form integration for efficient form handling
- Modular component structure with clear separation of concerns
- Reusable form fields with validation states

This comprehensive approach ensures Grocky delivers a polished, modern user interface that adapts seamlessly across devices while maintaining excellent performance and accessibility standards.

What specific aspect of Grocky's UI implementation would you like me to explore further?","The app uses Tailwind CSS and shadcn/ui component library to provide a modern, responsive, and accessible user interface.",0.9999999999999997,0.43,0.75
65,How does the user review past interviews?,[''],"

Based on my search of the Grocky project documentation, I can explain how users review their past interviews:

## 📋 How Users Review Past Interviews in Grocky

### **1. Homepage Dashboard - ""Your Interviews"" Section**
Users can access their past interviews directly from the main homepage at the root path (`/`). The homepage displays a dedicated section called **""Your Interviews""** where:

- Past interviews are fetched using `getInterviewsByUserId(user?.id!)`
- Each interview is displayed as an **InterviewCard component**
- If no past interviews exist, users see: *""You haven't taken any interviews yet""*

### **2. InterviewCard Component Structure**
Each past interview is presented in a card format showing:

- **🎯 Interview Type Badge**: Technical, Behavioral, or Mixed (color-coded)
- **📅 Date**: When the interview was taken or feedback was created
- **⭐ Score**: Total score out of 100 (shows ""---/100"" if no feedback exists)
- **💼 Role**: The job role interviewed for (e.g., ""Frontend Developer Interview"")
- **🛠️ Tech Stack**: Visual icons representing the technologies covered
- **📝 Preview**: Brief preview of final assessment or placeholder text

### **3. Action Buttons on Interview Cards**
Based on the interview status, users see different action buttons:

- **""Check Feedback""** - If feedback exists, links to `/interview/{interviewId}/feedback`
- **""View Interview""** - If no feedback exists yet, links to `/interview/{interviewId}`

### **4. Detailed Feedback Page**
When users click ""Check Feedback"", they're taken to a comprehensive feedback page that displays:

#### **📊 Overall Summary**
- Total interview score out of 100
- Date and time when feedback was created
- Final assessment paragraph

#### **📈 Detailed Breakdown**
- **Category Scores**: Individual scores for:
  - Communication Skills
  - Technical Knowledge  
  - Problem Solving
- Each category includes score and detailed comments

#### **✅ Strengths Section**
- Bulleted list of identified strengths during the interview

#### **🎯 Areas for Improvement**  
- Bulleted list of specific areas to work on

#### **🔄 Action Options**
- **Back to Dashboard**: Returns to homepage
- **Retake Interview**: Allows taking the same interview again

### **5. Navigation Flow**
The typical user journey for reviewing past interviews:
1. **Homepage** → View ""Your Interviews"" section
2. **InterviewCard** → Click ""Check Feedback"" 
3. **Feedback Page** → Review detailed performance analysis
4. **Options** → Return home or retake interview

This system provides a comprehensive way for users to track their interview practice progress, understand their performance, and identify areas for improvement over time.","Users can view past interviews via InterviewCard components, which provide access to transcripts and feedback for completed sessions.",0.9158454141761005,0.26,0.5
66,How does the app handle errors during the interview or feedback process?,[''],"

Based on my analysis of the project documents, here's how the Grocky app handles errors during the interview and feedback processes:

## 🚨 Error Handling in Grocky

### **During Interview Process**

**1. VAPI Integration Errors**
- **Error Event Listener**: The Agent component sets up an `onError` callback to capture VAPI-related errors:
  ```typescript
  const onError = (error: Error) => {
    console.log(""Error:"", error);
  };
  vapi.on(""error"", onError);
  ```
- **Connection Issues**: Errors are logged to the console for debugging but don't show user-facing notifications during the interview

**2. Interview Generation Errors** 
- **API Route Protection**: The interview generation endpoint (`route.ts`) uses try-catch blocks:
  ```typescript
  try {
    // Generate questions with AI
    const { text: questions } = await generateText({...});
    // Save to database
    await db.collection(""interviews"").add(interview);
    return Response.json({ success: true }, { status: 200 });
  } catch (error) {
    console.error(""Error:"", error);
    return Response.json({ success: false, error: error }, { status: 500 });
  }
  ```

### **During Feedback Process**

**1. Feedback Generation Errors**
- **Silent Failure Handling**: When feedback generation fails, the app redirects users home:
  ```typescript
  const handleGenerateFeedback = async (messages: SavedMessage[]) => {
    const { success, feedbackId: id } = await createFeedback({
      interviewId: interviewId!,
      userId: userId!,
      transcript: messages,
      feedbackId,
    });
    
    if (success && id) {
      router.push(`/interview/${interviewId}/feedback`);
    } else {
      console.log(""Error saving feedback"");
      router.push(""/""); // Redirect to home on failure
    }
  };
  ```

**2. Missing Feedback Display**
- **Graceful Degradation**: Interview cards show fallback text when feedback isn't available:
  ```typescript
  <p>{feedback?.finalAssessment || ""You haven't taken this interview yet. Take it now to improve your skills.""}</p>
  ```

### **User Authentication Errors**

**Toast Notifications**: The app uses Sonner for user-facing error messages during auth:
```typescript
// Sign-up errors
if (!result.success) {
  toast.error(result.message);
  return;
}

// General auth errors
catch (error) {
  toast.error(`There was an error: ${error}`);
}

// Success messages
toast.success(""Account created successfully. Please sign in."");
```

### **Notification System**

**Global Toast Setup**: The app includes a centralized notification system:
- **Component**: Custom Toaster component with theme support
- **Integration**: Included in the root layout for app-wide error handling
- **Styling**: Matches the app's dark theme design

### **Current Limitations**

⚠️ **Areas for Improvement:**
- Interview errors are only logged to console, not shown to users
- Feedback generation failures redirect home without explaining what went wrong
- VAPI connection issues don't provide user feedback
- No retry mechanisms for failed operations

The app handles critical authentication and generation errors with user notifications, but interview and feedback errors could benefit from more user-friendly error messaging and recovery options.",The Agent component listens for error events from the Vapi SDK and displays appropriate messages or redirects the user if an error occurs.,0.9482949601376358,0.0,0.5
67,How does Grocky support dynamic interview questions?,[''],"

Based on my search of the Grocky project documentation, I can explain how Grocky supports dynamic interview questions through a sophisticated AI-powered system:

## 🧠 How Grocky Supports Dynamic Interview Questions

Grocky creates dynamic, personalized interview experiences through a multi-layered AI system that adapts questions based on specific parameters:

### 📝 **Dynamic Question Generation**
- **Google Gemini Integration**: Uses `gemini-2.0-flash-001` model to generate contextual interview questions
- **Parameter-Driven Prompts**: Questions are tailored based on:
  - **Job Role** (Frontend Developer, Full Stack Developer, etc.)
  - **Experience Level** (Junior, Mid-level, Senior)
  - **Technology Stack** (React, Node.js, MongoDB, etc.)
  - **Interview Type** (Technical, Behavioral, Mixed)
  - **Question Amount** (Customizable number of questions)

### 🔍 **Smart Question Optimization**
The system ensures questions are:
- Voice-assistant friendly (avoids special characters like `/` or `*`)
- Formatted as JSON arrays for seamless integration
- Optimized for real-time voice delivery

### 🎯 **AI Voice Agent Integration**
- **Vapi AI Integration**: Uses professional voice agents with configurable personalities
- **11Labs Voice Provider**: Natural-sounding ""Sarah"" voice with optimized settings
- **Deepgram Transcription**: Real-time speech-to-text for accurate conversation flow
- **GPT-4 Conversation Management**: Maintains context and follow-up questions

### 🎪 **Adaptive Interview Flow**
The voice agent dynamically:
- Follows structured question sequences
- Asks contextual follow-up questions based on responses
- Maintains professional yet conversational tone
- Adapts pacing and depth based on candidate responses

### 🔄 **Real-Time Personalization**
Questions are generated and stored with metadata including:
```typescript
{
  role: string,
  type: string, 
  level: string,
  techstack: string[],
  questions: string[],
  userId: string
}
```

### 📊 **Comprehensive Feedback System**
After the dynamic interview, the system provides:
- **Category-based scoring** (Communication, Technical Knowledge, Problem Solving, etc.)
- **Personalized strengths and improvement areas**
- **Overall assessment with actionable insights**

This approach ensures every interview is uniquely tailored to the candidate's background and the specific role requirements, creating a realistic and valuable practice experience that adapts in real-time to provide the most relevant preparation possible.

Would you like me to explain any specific aspect of the dynamic question system in more detail?","When starting an interview, the Agent component can receive a list of questions, which are formatted and passed to the AI interviewer for a customized session.",0.9999993984567735,0.08,0.0
68,What is the title of the book and who is its author?,[''],"

I'd be happy to help you identify the title and author of a book! However, I need a bit more context. Are you referring to:

1. A specific book you have in mind?
2. One of the documents in the project knowledge base (I can see there are several books like ""Romeo and Juliet"" by Shakespeare and ""Gulliver's Travels"" by Jonathan Swift)?
3. A book you'd like me to search for based on some other criteria?

Could you provide more details about which book you're asking about?","The title of the book is ""Gulliver's Travels into Several Remote Regions of the World."" The author of these travels is introduced as Mr. Lemuel Gulliver.",0.0,0.0,0.0
69,"How has this edition of ""Gulliver's Travels"" been adapted from the original?",[''],"

Based on my search through the project documents, I can now provide you with a comprehensive answer about how this edition of ""Gulliver's Travels"" has been adapted from the original.

## 📚 Adaptations in This Edition of ""Gulliver's Travels""

This Project Gutenberg edition of ""Gulliver's Travels"" represents a significant educational adaptation of Jonathan Swift's original 1726 work. Here are the key ways it has been modified:

### ✏️ **Editorial Adaptation by Thomas M. Balliet**
- **Editor**: Thomas M. Balliet, Superintendent of Schools in Springfield, Massachusetts
- **Educational Focus**: The edition was specifically adapted for classroom and educational use
- **Scholarly Apparatus**: Includes introduction and explanatory notes to help readers understand the context and meaning

### 🎨 **Visual Enhancements**
- **Thirty-Eight Illustrations**: The edition features extensive visual content not present in Swift's original
- **Accompanying Map**: Includes a map to help readers visualize Gulliver's journeys
- **Enhanced Readability**: Visual elements make the complex narrative more accessible

### 📖 **Structural Modifications**
- **Selective Content**: This edition focuses on only the first two voyages:
  - Part I: A Voyage to Lilliput  
  - Part II: A Voyage to Brobdingnag
- **Omitted Content**: The original work's third and fourth voyages (to Laputa and the Houyhnhnms) are not included in this adaptation

### 🎯 **Educational Purpose**
- **Target Audience**: Specifically designed for ""Grades V and VI"" students
- **Child-Friendly Adaptation**: The preface notes that while the book ""was by no means intended for [children],"" it ""was soon appropriated by the children""
- **Academic Context**: Published by D.C. Heath & Co. as part of their educational series

### 📅 **Publication Details**
- **Original**: Published by Swift in 1726
- **This Adaptation**: Created in 1900, later digitized by Project Gutenberg
- **Digital Version**: Released November 26, 2005, most recently updated April 4, 2025

### 🔄 **Project Gutenberg Processing**
- **Digital Accessibility**: Converted to electronic format for free distribution
- **Collaborative Effort**: Credits include Juliet Sutherland, Chuck Greif, and the Project Gutenberg Online Distributed Proofreading Team

This edition transforms Swift's adult satirical masterpiece into an educational resource suitable for young readers while maintaining the core adventure elements that made it appealing to children. The addition of illustrations, notes, and careful editorial guidance makes the 18th-century text more accessible to modern student audiences.

What aspects of this adaptation are you most interested in exploring further?","This edition is practically a reprint of the original (1726-27), but the punctuation and capitalization have been modernized, some archaisms changed, and the paragraphs have been made more frequent. Additionally, a few passages that would offend modern ears or are unsuitable for children's reading have been omitted, and some footnotes explaining obsolete words and obscure expressions have been added.",0.9999999999999996,0.07,0.0
70,"According to the ""First Publisher to the Reader,"" what is the author's reputation for veracity?",[''],"

Perfect! I found the exact passage from ""The First Publisher to the Reader"" in Gulliver's Travels. According to the text, here's what is said about the author's (Mr. Lemuel Gulliver's) reputation for veracity:

According to ""The First Publisher to the Reader,"" **the author was so distinguished for his veracity that it became a sort of proverb among his neighbors at Redriff, when any one affirmed a thing, to say it was as true as if Mr. Gulliver had spoken it.**

The publisher (Richard Sympson) emphasizes that Mr. Gulliver had an exceptional reputation for truthfulness - so much so that his name became synonymous with absolute truth among the people who knew him. When someone wanted to emphasize that something was completely true, they would compare it to Mr. Gulliver's word, saying it was ""as true as if Mr. Gulliver had spoken it.""

The publisher also notes that ""there is an air of truth apparent through the whole"" of Gulliver's writings, further reinforcing this reputation for honesty and accuracy in his accounts.","According to the ""First Publisher to the Reader,"" the author, Mr. Lemuel Gulliver, was so distinguished for his veracity that it became a sort of proverb among his neighbors at Redriff: when anyone affirmed a thing, they would say it was ""as true as if Mr. Gulliver had spoken it.""",0.9170832787379134,0.55,1.0
71,What was found in Gulliver's pockets during the strict search by the Lilliputians?,[''],"

Based on my search through the Gulliver's Travels text, I can provide you with a comprehensive list of what was found in Gulliver's pockets during the strict search by the Lilliputians. The Lilliputian officers made ""an exact inventory of everything they saw,"" which Gulliver later translated into English.

## 📋 Items Found in Gulliver's Pockets

### **Right Coat Pocket:**
- One great piece of **coarse cloth** (large enough to be a foot-cloth for the emperor's chief room of state)

### **Left Coat Pocket:**
- A huge **silver chest** with a cover of the same metal (snuff-box) containing a sort of dust that made the searchers sneeze

### **Right Waistcoat Pocket:**
- A prodigious number of **white thin substances** folded one over another, about the size of three men, tied with a strong cable and marked with black figures (papers/documents with writing)

### **Left Waistcoat Pocket:**
- A sort of **engine** with twenty long poles extending from the back (his comb)

### **Large Right Pocket of His Breeches:**
- A hollow pillar of iron about the length of a man, fastened to timber with huge pieces of iron sticking out in strange figures (pistol)

### **Large Left Pocket of His Breeches:**
- Another engine of the same kind (second pistol)

### **Smaller Right Pocket:**
- Several round flat pieces of **white and red metal** of different sizes (silver and copper coins)

### **Smaller Left Pocket:**
- Two black pillars irregularly shaped with white round substances at the top and enclosed steel plates (knife and razor in their cases)

### **Right Fob:**
- A great **silver chain** with a globe-like engine that was half silver and half transparent metal, making a noise like a water-mill (his pocket watch)

### **Left Fob:**
- A net that opened and shut like a purse containing several massy pieces of **yellow metal** (gold coins in a purse)

### **Items Separately Delivered:**
- **Silver watch** (carried on a pole by two guards)
- **Silver and copper money**
- **Purse with nine large pieces of gold** and smaller ones
- **Knife and razor**
- **Comb and silver snuff-box**
- **Handkerchief and journal-book**
- **Scimitar** (conveyed to the emperor's stores)
- **Pistols** (conveyed to the emperor's stores)
- **Pouch of powder and bullets** (conveyed to the emperor's stores)

### **Hidden Items (Not Found):**
Gulliver kept one secret pocket that escaped their search, containing:
- A pair of **spectacles**
- A **pocket perspective** (small telescope)
- Some other little conveniences

The Lilliputians were particularly fascinated by his watch, which they couldn't understand, thinking it might be either ""some unknown animal, or the god that he worships"" due to its constant ticking noise and moving hands.","During the strictest search, the Lilliputians found the following in Gulliver's pockets: In his right coat-pocket, they discovered one great piece of coarse cloth, large enough to be a foot-cloth for their majesty's chief room of state. In his left pocket, they saw a huge silver chest with a cover of the same metal, which they were unable to lift. Upon opening it, one searcher stepping inside found himself up to mid-leg in a sort of dust, part of which caused both searchers to sneeze several times. In his right waistcoat pocket, they found a prodigious number of white, thin substances folded one over another.",0.9830309021927356,0.19,1.0
72,"What were the two struggling parties in the Lilliputian empire, and how did they distinguish themselves?",[''],"

Perfect! I found the relevant information about the struggling parties in the Lilliputian empire from Gulliver's Travels. Based on the search results, I can now provide a comprehensive answer.

## 🏛️ The Two Struggling Parties in Lilliput

According to Jonathan Swift's *Gulliver's Travels*, the two struggling parties in the Lilliputian empire were:

### **Tramecksan** and **Slamecksan**

**How they distinguished themselves:**
- **Tramecksan**: The ""High Heels"" party - wore shoes with high heels
- **Slamecksan**: The ""Low Heels"" party - wore shoes with low heels

### 📊 Political Dynamics

**Power Structure:**
- The **Tramecksan (High Heels)** outnumbered the Low Heels in population
- However, the **Slamecksan (Low Heels)** held all the political power
- The Emperor favored the Low Heels and used only low-heeled courtiers in government administration

**Constitutional Claims:**
- The High Heels claimed their style was ""most agreeable to the ancient constitution""
- Despite this claim, the Emperor determined to use only Low Heels in government positions

**Social Division:**
The animosity between these parties was so intense that members would ""neither eat nor drink nor talk with each other.""

**Royal Succession Concerns:**
There was political tension because the heir to the crown showed ""some tendency towards the high heels"" - one of his heels was actually higher than the other, causing him to walk with a hobble.

This satirical division represents Swift's commentary on the arbitrary nature of political factions and how seemingly trivial differences can create deep societal divisions.

What aspect of Swift's political satire in Gulliver's Travels interests you most?","The two struggling parties in the Lilliputian empire were named Tramecksan and Slamecksan. They distinguished themselves by the high and low heels of their shoes. The high heels were alleged to be more agreeable to their ancient constitution, but the reigning majesty used only low heels in government administration and crown offices. The animosities between these parties were so high that they would not eat, drink, or talk with each other. The heir to the crown was even suspected of having some tendency towards the high heels, as one of his heels was higher than the other, causing a hobble in his gait.",0.9490332278413355,0.74,1.0
73,What was the origin of the war between Lilliput and Blefuscu?,[''],"

Perfect! I found the information about the war between Lilliput and Blefuscu from Gulliver's Travels. Based on the search results, I can provide you with the complete story of their conflict.

## 🥚 The Great Egg War: Origin of the Lilliput-Blefuscu Conflict

The war between Lilliput and Blefuscu originated from a seemingly trivial but deeply symbolic disagreement about **how to break eggs**.

### The Incident That Started It All
The conflict began when the current Emperor of Lilliput's grandfather was a young boy. While eating an egg and breaking it according to the ancient practice (at the larger end), he accidentally cut one of his fingers. 

### The Royal Decree
In response to this accident, the boy's father (the Emperor) published an edict commanding all his subjects to break eggs at the **smaller end** instead of the traditional larger end, under great penalties.

### The Religious and Political Divide
This law created a massive schism in society:
- **Little-Endians**: Those who followed the new law and broke eggs at the smaller end (supported by Lilliput)
- **Big-Endians**: Those who maintained the traditional practice of breaking eggs at the larger end (found refuge in Blefuscu)

The conflict became deeply religious when the Emperors of Blefuscu accused Lilliput of ""making a schism in religion"" by violating a fundamental doctrine of their prophet Lustrog. According to their holy book (the Blundecral), ""all true believers break their eggs at the convenient end"" - leaving interpretation open to individual conscience.

### The Devastating Consequences
This seemingly simple disagreement led to:
- **Six rebellions** over the egg-breaking controversy
- One emperor lost his life, another lost his crown
- **Eleven thousand people** chose death rather than submit to breaking eggs at the smaller end
- Hundreds of volumes published on the controversy
- Big-Endian books banned and the party rendered incapable of holding office
- **36 years of war** between the two empires
- Loss of 40 capital ships and numerous smaller vessels
- 30,000 of Lilliput's best seamen and soldiers killed

Swift uses this absurd conflict as a brilliant satire of the religious and political divisions of his time, particularly the split between Catholic and Protestant churches, showing how minor doctrinal differences can escalate into devastating wars that consume nations for generations.

What strikes you most about this satirical take on human conflict?","The war between Lilliput and Blefuscu originated from a controversy over the correct way to break eggs before eating them. The primitive method involved breaking the larger end. However, the grandfather of the present Lilliputian majesty cut his finger while breaking an egg in the ancient practice, leading his father, the emperor, to issue an edict commanding all subjects to break eggs at the smaller end, under severe penalties. This law caused significant public resentment, resulting in six rebellions, during which one emperor lost his life and another his crown. These civil commotions were continually incited by the monarchs of Blefuscu, who offered refuge to the exiles. It is estimated that eleven thousand people suffered death rather than submit to breaking their eggs at the smaller end.",0.9464657349683504,0.48,1.0
74,What is the approximate size of the natives of Lilliput and their animals?,[''],"

Perfect! I found the exact information about the size of the Lilliputians from Gulliver's Travels. Based on the search results from Jonathan Swift's classic work, here are the approximate sizes:

## 📏 Size of Lilliputian Natives and Animals

According to Swift's ""Gulliver's Travels,"" the inhabitants of Lilliput are remarkably small, and all creatures and objects are proportionally scaled:

### **Natives**
- The common size of the natives is **somewhat under six inches high**

### **Animals**
The text specifies that there is ""exact proportion in all other animals, as well as plants and trees"":

- **Horses and oxen**: Between **4-5 inches** in height (the tallest of their livestock)
- **Sheep**: **1.5 inches**, more or less
- **Geese**: About the **size of a sparrow** (from our world)
- **Other animals**: Follow ""several gradations downwards"" to the smallest creatures, which were ""almost invisible"" to Gulliver's sight

### **Additional Scale References**
- **Trees**: The tallest trees in the royal park were about **7 feet high** (which Gulliver could barely reach with his clenched fist)
- **Horses used to transport Gulliver**: The Emperor's largest horses were each about **4.5 inches high**, and it took **1,500 of them** to draw Gulliver to the metropolis
- Even their food was proportionally tiny - the text mentions a cook preparing a lark ""which was not so large as a common fly""

This precise scaling creates the fantastical world where everything maintains perfect proportion, making the Lilliputians a complete miniature civilization rather than just small people in a normal-sized world.","The common size of the natives of Lilliput is somewhat under six inches high. All other animals, plants, and trees are in exact proportion to this size. For example, the tallest horses and oxen are between four and five inches in height, while sheep are about an inch and a half. Their geese are about the bigness of a sparrow, and the gradations continue downwards to the smallest, which were almost invisible to Gulliver's sight. However, the Lilliputians' eyes are adapted to see nearby objects with great exactness.",0.9447699917005355,0.78,1.0
75,What suggestion did Reldresal make regarding Gulliver's punishment for his crimes?,[''],"

Based on the search results from Gulliver's Travels, I can provide you with the specific suggestion that Reldresal made regarding Gulliver's punishment.

**Reldresal's Suggestion for Gulliver's Punishment:**

Reldresal, who served as the principal secretary for private affairs in Lilliput and was described as Gulliver's ""true friend,"" suggested a merciful alternative to the death penalty that other officials wanted to impose on Gulliver.

His specific recommendation was:

🔍 **To blind Gulliver by putting out both his eyes** rather than executing him.

Reldresal argued that:

1. **Justice would be satisfied** through this punishment while showing mercy
2. **The emperor's reputation for lenity would be enhanced** - the world would applaud the emperor's merciful nature
3. **Gulliver could still be useful** - the loss of his eyes would not prevent him from continuing to serve the empire
4. **It balanced punishment with practicality** - acknowledging Gulliver's crimes were ""great"" but that ""there was room for mercy""

Reldresal presented this as a compromise between the harsh voices calling for Gulliver's death (including the proposal to poison him with toxic substances on his clothing) and complete forgiveness. He emphasized that mercy was ""the most commendable virtue in a prince"" and that the emperor was justly celebrated for this quality.

This suggestion reveals the political intrigue surrounding Gulliver's fate and shows how even his allies had to navigate the dangerous court politics of Lilliput while trying to save his life.","Reldresal, the principal secretary for private affairs and Gulliver's true friend, suggested that if his majesty would spare Gulliver's life, in consideration of his services and merciful disposition, he should only order both of Gulliver's eyes to be put out. Reldresal argued that this expedient would satisfy justice in some measure and be applauded by the world for the emperor's lenity and the counsellors' fair proceedings. He also contended that the loss of Gulliver's eyes would not impede his bodily strength, allowing him to remain useful to the majesty, and that blindness is an addition to courage by concealing dangers.",0.9765693558664007,0.61,1.0
76,How did Gulliver read books in the king's library in Brobdingnag?,[''],"

Perfect! I found the exact passage describing how Gulliver read books in the king's library in Brobdingnag. Based on the search results, here's how Gulliver managed to read the enormous books:

## 📚 Gulliver's Creative Reading Method in Brobdingnag

In the land of Brobdingnag, where everything was gigantic compared to Gulliver's tiny size, reading books presented a unique challenge. Here's exactly how Swift described Gulliver's ingenious solution:

**The Physical Setup:**
- The book was placed leaning against the wall
- A wooden ladder was positioned for access
- The pages were as thick and stiff as pasteboard
- Even the largest folios were only about eighteen or twenty feet long

**Gulliver's Reading Process:**
1. **Climbing**: He first mounted to the upper step of the ladder
2. **Positioning**: He turned his face toward the book and began at the top of the page
3. **Walking to Read**: He walked right and left about eight or ten paces, following the length of each line
4. **Descending**: He gradually descended as he read, staying at eye level with the text
5. **Page Navigation**: When he reached the bottom, he mounted the ladder again to begin the next page
6. **Turning Pages**: He could easily turn the leaves (pages) with both hands due to their thickness

The illustrations in the text show Gulliver as a tiny figure climbing on a large wooden ladder against oversized books, emphasizing the massive scale difference between him and the Brobdingnagian world.

This clever solution allowed Gulliver to access the king's library and read their literature, which he noted was written in a ""clear, masculine, and smooth"" style that avoided unnecessary flourishes.","In one of Glumdalclitch's rooms, the queen's joiner contrived a wooden machine, twenty-five feet high, shaped like a standing ladder with steps fifty feet long, serving as a movable pair of stairs. To read a book, Gulliver would place it leaning against the wall, mount to the upper step of the ladder, and turn his face towards the book. He would read from the top of the page by walking eight or ten paces to the right and left, according to the length of the lines, until he was a little below the level of his eyes. Then, he would descend gradually to the bottom, and remount to begin the next page in the same manner, easily turning over the leaf with both his hands, as the leaves were thick and stiff.",0.9923568757813271,0.56,0.75
77,What was the Brobdingnagian king's opinion of European politics and the art of government?,[''],"

Based on the passages from Jonathan Swift's *Gulliver's Travels*, the Brobdingnagian king held remarkably critical and insightful opinions about European politics and the art of government:

## 🎭 **The King's Philosophy of Government**

The Brobdingnagian king believed in **radical simplicity** in governance. He ""professed both to abominate and despise all mystery, refinement, and intrigue, either in a prince or a minister."" When Gulliver mentioned that Europeans had written thousands of books on the art of government, it gave the king ""a very mean opinion of our understandings.""

## 🌾 **Practical Over Political**

The king famously declared that **""whoever could make two ears of corn, or two blades of grass to grow upon a spot of ground, where only one grew before, would deserve better of mankind, and do more essential service to his country, than the whole race of politicians put together.""** This reflects his belief that practical improvements to human welfare matter more than political maneuvering.

## 🔍 **His Critique of European Complexity**

The king confined ""the knowledge of governing within very narrow bounds, to common sense and reason, to justice and lenity, to the speedy determination of civil and criminal causes."" He couldn't understand what Gulliver meant by ""secrets of state"" unless an enemy nation was involved, seeing political intrigue as unnecessary complexity.

## ⚔️ **Views on Military and War**

The king was particularly critical of European military practices. He wondered why Europeans maintained expensive standing armies in peacetime ""among a free people,"" questioning what they feared if governed by their own consent. He found the concept of mercenary soldiers absurd, asking whether ""a private man's house might not better be defended by himself, his children, and family, than by half-a-dozen rascals, picked up at a venture in the streets.""

## 📚 **Swift's Satirical Commentary**

Notably, Swift (through Gulliver's narration) presents this as the king's ""ignorance"" and ""narrow principles,"" suggesting that Europeans had ""reduced politics into a science"" while the Brobdingnagians had not. This is clearly satirical - Swift is using the king's ""simple"" wisdom to expose the corruption and complexity of European political systems.

The Brobdingnagian king essentially represents an idealized ruler who prioritizes the genuine welfare of his people over the sophisticated but often corrupt political machinations that characterized 18th-century European governance.","The Brobdingnagian king professed both to abominate and despise all mystery, refinement, and intrigue, whether in a prince or a minister. He could not comprehend what was meant by ""secrets of state"" unless an enemy or rival nation was involved. He confined the knowledge of governing to very narrow bounds, focusing on common sense and reason, justice and lenity, and the speedy determination of civil and criminal causes, along with other obvious topics he deemed not worth considering. He famously stated his opinion that whoever could make two ears of corn or two blades of grass grow upon a spot of ground where only one grew before would deserve better of mankind and do more essential service to his country than the whole race of politicians put together.",0.9472236490572138,0.61,1.0
78,"Who are the characters present at the beginning of the ""Romeo and Juliet"" excerpt?",[''],"

Based on the Romeo and Juliet excerpt from the project documents, here are the characters present at the very beginning of the play:

## 🎭 Characters at the Beginning of Romeo and Juliet

**At the very start (The Prologue):**
- **CHORUS** - Opens the play with the famous prologue about ""two households, both alike in dignity""

**In the first scene (Act I, Scene I - A public place):**
- **SAMPSON** - A servant to the Capulet family, armed with sword and buckler
- **GREGORY** - Another servant to the Capulet family, also armed with sword and buckler

**Characters who enter shortly after:**
- **ABRAM** - A servant to the Montague family
- **BALTHASAR** - Another servant to Romeo (from the Montague household)
- **BENVOLIO** - Nephew to Montague and friend to Romeo, who tries to break up the fight

The play opens with the Chorus delivering the famous prologue, then immediately transitions to Act I, Scene I in a public place in Verona, where two Capulet servants (Sampson and Gregory) are discussing their hatred for the Montagues. They soon encounter Montague servants, leading to the opening conflict that sets the tone for the feuding families throughout the play.

The opening establishes the central conflict through these minor characters before the main protagonists appear, showing how the family feud affects even the servants of both households.","At the beginning of the excerpt, the characters present are Abram and Balthasar, and Sampson and Gregory.",0.9779139842468373,0.11,0.5
79,How does Romeo describe his current state to Benvolio?,[''],"

Perfect! Based on the search results from Romeo and Juliet, I can now provide a comprehensive answer about how Romeo describes his current state to Benvolio.

## Romeo's Description of His Current State to Benvolio

When Romeo encounters Benvolio early in the play, he describes his emotional state using a series of **paradoxical expressions and oxymorons** that capture his tormented feelings about unrequited love. Here are the key ways Romeo expresses his condition:

### 🎭 Paradoxical Language
Romeo uses contradictory terms to express his conflicted emotional state:
- **""O brawling love! O loving hate!""** - Love that feels like conflict
- **""O heavy lightness! serious vanity!""** - Contradictory feelings of weight and emptiness
- **""Feather of lead, bright smoke, cold fire, sick health!""** - Multiple oxymorons showing his confusion

### 💔 His Disconnection from Reality
Romeo tells Benvolio:
> **""Tut! I have lost myself; I am not here. This is not Romeo, he's some other where.""**

This reveals he feels completely disconnected from his identity and present circumstances due to his lovesickness.

### 🌊 Metaphorical Descriptions of Love
Romeo describes love itself in vivid, contradictory imagery:
- **""Love is a smoke made with the fume of sighs""**
- **""Being purg'd, a fire sparkling in lovers' eyes""**  
- **""Being vex'd, a sea nourish'd with lovers' tears""**
- **""A madness most discreet, A choking gall, and a preserving sweet""**

### ⏰ Time Distortion
When Benvolio greets him with ""Good morrow, cousin,"" Romeo responds:
> **""Is the day so young?"" and ""Ay me, sad hours seem long.""**

This shows how his melancholy makes time feel distorted and endless.

### 💸 The Source of His Pain
Romeo reveals he's ""Out of her favour where I am in love"" - referring to Rosaline, who won't return his affections and has sworn to remain chaste.

Romeo's language throughout this exchange is highly poetic and filled with contradictions, reflecting the Renaissance literary convention of the melancholic lover while also revealing his tendency toward dramatic self-expression that characterizes him throughout the play.","Romeo describes himself as ""Not mad, but bound more than a madman is: Shut up in prison, kept without my food, Whipp’d and tormented.""",0.9923416098214336,0.29,0.0
80,What does the Nurse say about Juliet's disposition towards marriage?,[''],"

Based on the search results from Romeo and Juliet, I can now provide you with a comprehensive answer about what the Nurse says regarding Juliet's disposition towards marriage.

## 🎭 The Nurse's Views on Juliet's Marriage Disposition

The Nurse makes several significant comments about Juliet's approach to marriage throughout the play:

### **Initial Support and Wise Response**
When Lady Capulet asks Juliet about her disposition toward marriage, Juliet responds that ""It is an honour that I dream not of."" The Nurse immediately praises this response, saying:

> **""An honour! Were not I thine only nurse, I would say thou hadst suck'd wisdom from thy teat.""**

Here, the Nurse commends Juliet's modest and thoughtful attitude toward marriage, suggesting that her reluctance shows wisdom and proper upbringing.

### **Enthusiasm for Paris**
When discussing Count Paris as a potential husband, the Nurse becomes quite enthusiastic:

- She calls Paris **""A man, young lady! Lady, such a man / As all the world—why he's a man of wax""**
- She declares **""Nay, he's a flower, in faith a very flower""**
- She makes a suggestive comment: **""No less, nay bigger. Women grow by men""** (referring to Lady Capulet's comment about sharing in Paris's wealth)

### **Personal Wish Fulfilled**
Earlier in the conversation, the Nurse reveals her long-held desire: **""And I might live to see thee married once, I have my wish.""** This shows that seeing Juliet married has been one of the Nurse's greatest hopes.

### **Later Pragmatic Advice**
In a later scene, after Romeo is banished, the Nurse pragmatically advises Juliet to marry Paris, calling him **""a lovely gentleman""** and suggesting that **""Romeo's a dishclout to him""** and that this second match **""excels your first.""**

The Nurse's attitude toward Juliet's marriage disposition evolves throughout the play - from praising her wisdom and modesty, to enthusiastically supporting the Paris match, to later giving practical (if morally questionable) advice about abandoning Romeo for a more advantageous marriage.

What aspect of the Nurse's character or her relationship with Juliet interests you most?","When Lady Capulet asks Juliet how she stands disposed to be married, Juliet replies, ""It is an honour that I dream not of."" The Nurse then exclaims, ""An honour! Were not I thine only nurse, I would say thou hadst suck’d wisdom from thy teat.""",0.9889526902500921,0.0,0.5
81,"Who is Queen Mab, according to Mercutio's description?",[''],"

Perfect! I found Mercutio's famous Queen Mab speech from Romeo and Juliet. Based on the text from Shakespeare's play, here's Mercutio's description of Queen Mab:

## 🧚‍♀️ Queen Mab According to Mercutio

According to Mercutio in Shakespeare's *Romeo and Juliet*, Queen Mab is **""the fairies' midwife""** - a tiny fairy who brings dreams to sleeping humans.

### Physical Description
Mercutio describes her as incredibly small:
- **Size**: ""no bigger than an agate-stone on the fore-finger of an alderman""
- **Chariot**: An empty hazelnut made by ""the joiner squirrel or old grub""
- **Team**: Drawn by ""little atomies"" (tiny creatures)

### Her Elaborate Chariot
- **Spokes**: Made of long spinners' (spiders') legs
- **Cover**: Wings of grasshoppers  
- **Traces**: Smallest spider's web
- **Collars**: Moonshine's watery beams
- **Whip**: Cricket's bone with a film lash
- **Driver**: A small grey-coated gnat

### What She Does
Queen Mab gallops through the night, visiting different types of sleepers and inspiring dreams that match their desires and occupations:

- **Lovers**: Dream of love
- **Courtiers**: Dream of curtsies and court life
- **Lawyers**: Dream of fees
- **Ladies**: Dream of kisses
- **Soldiers**: Dream of battles and cutting throats
- **Parsons**: Dream of benefices (church positions)

### Her Darker Side
Mercutio also describes her more mischievous aspects:
- She ""plats the manes of horses in the night""
- She ""bakes the elf-locks in foul sluttish hairs"" 
- She's called ""the hag"" who visits maids and teaches them about womanhood

The speech ends with Romeo interrupting, saying Mercutio talks ""of nothing,"" to which Mercutio replies that dreams are ""children of an idle brain, begot of nothing but vain fantasy.""

This famous speech serves as Mercutio's witty, elaborate way of dismissing Romeo's concern about a prophetic dream before they attend the Capulet party.","According to Mercutio, Queen Mab is the fairies’ midwife. She comes in a shape no bigger than an agate-stone on the fore-finger of an alderman, drawn by a team of little atomies over men’s noses as they lie asleep. Her waggon-spokes are made of long spinners’ legs, the cover of grasshoppers’ wings, her traces of the smallest spider’s web, and her collars of the moonshine’s watery beams. Her whip is made of a cricket’s bone with a lash of film, and her waggoner is a small grey-coated gnat. Her chariot is an empty hazelnut, made by the joiner squirrel or old grub.",0.9610954333099383,0.56,1.0
82,What happens when Romeo kisses Juliet for the first time in the excerpt?,[''],"

Perfect! I found the relevant excerpt from Romeo and Juliet. Based on the text from Shakespeare's play, here's what happens when Romeo kisses Juliet for the first time:

## 💋 Romeo and Juliet's First Kiss

The first kiss occurs during their initial meeting at the Capulet feast (Act I, Scene V). The moment is beautifully written as a sonnet within the dialogue, using religious imagery and wordplay:

**The Setup:**
Romeo approaches Juliet using the metaphor of a pilgrim approaching a holy shrine:
- **Romeo**: ""If I profane with my unworthiest hand / This holy shrine, the gentle sin is this, / My lips, two blushing pilgrims, ready stand / To smooth that rough touch with a tender kiss.""

**Juliet's Response:**
Juliet cleverly continues the religious metaphor, suggesting that pilgrims should only touch hands, not lips:
- **Juliet**: ""Good pilgrim, you do wrong your hand too much... For saints have hands that pilgrims' hands do touch, / And palm to palm is holy palmers' kiss.""

**The Kiss:**
Romeo persuades her by arguing that saints have lips too, and after their playful theological debate:
- **Romeo**: ""Then move not while my prayer's effect I take. / Thus from my lips, by thine my sin is purg'd."" **[Kissing her.]**

**Immediate Aftermath:**
- **Juliet**: ""Then have my lips the sin that they have took.""
- **Romeo**: ""Sin from my lips? O trespass sweetly urg'd! / Give me my sin again.""
- **Juliet**: ""You kiss by the book.""

The kiss is immediately followed by the Nurse interrupting to tell Juliet her mother wants to speak with her, which leads to Romeo discovering that Juliet is a Capulet - his family's enemy.

The entire exchange is remarkable for its wit, religious imagery, and the way it transforms a simple first meeting into poetry while establishing the immediate, powerful attraction between the star-crossed lovers.","When Romeo initiates a kiss, saying his lips are ""two blushing pilgrims"" ready to smooth her hand with a tender kiss, Juliet playfully replies that saints have hands that pilgrims' hands do touch, and ""palm to palm is holy palmers’ kiss."" Romeo then suggests that lips, like hands, can be used in prayer, to which Juliet agrees, but notes saints do not move though they grant prayers. Romeo then kisses her, declaring, ""Thus from my lips, by thine my sin is purg’d."" Juliet responds that her lips now have the sin they took, and when Romeo asks for his sin back, she remarks, ""You kiss by the book.""",0.9754695318372631,0.46,0.75
83,What does Friar Lawrence collect in his basket at the beginning of Scene III?,[''],"

Perfect! I found the exact information in the search results. Based on the text from *Romeo and Juliet*, at the beginning of Act II, Scene III, Friar Lawrence enters with a basket and explains what he collects.

According to the text from Shakespeare's *Romeo and Juliet*, at the beginning of Act II, Scene III, **Friar Lawrence collects herbs and flowers** in his basket. 

Specifically, the text shows him saying:

*""I must upfill this osier cage of ours  
With baleful weeds and precious-juiced flowers.""*

He goes on to explain that he gathers these plants for their medicinal and other properties, noting that *""O, mickle is the powerful grace that lies / In plants, herbs, stones, and their true qualities.""* The Friar is collecting these botanical specimens because of their various virtues and healing properties - some beneficial, some potentially harmful, as he mentions both ""baleful weeds"" (harmful plants) and ""precious-juiced flowers"" (valuable flowering plants).

This scene establishes Friar Lawrence as knowledgeable about herbal medicine, which becomes important later in the play when he provides Juliet with the sleeping potion.","At the beginning of Scene III, Friar Lawrence enters with a basket and states that he must ""upfill this osier cage of ours With baleful weeds and precious-juiced flowers.""",0.9554691079153795,0.67,1.0
84,What does Benvolio tell Mercutio about Tybalt?,[''],"

Perfect! I found the relevant conversation between Benvolio and Mercutio about Tybalt. Based on the search results from Romeo and Juliet, here's what Benvolio tells Mercutio about Tybalt:

In Act 2, Scene 4, Benvolio informs Mercutio that **""Tybalt, the kinsman to old Capulet, hath sent a letter to his father's house.""** 

Mercutio immediately understands the implication and responds **""A challenge, on my life,""** recognizing that Tybalt's letter is a challenge to a duel.

Benvolio then adds that **""Romeo will answer it""** - meaning Romeo will respond to Tybalt's challenge.

This conversation reveals that Tybalt has sent a formal challenge letter to Romeo (delivered to his father's house), which was the customary way of challenging someone to a duel during Shakespeare's time. Benvolio is concerned about this development, especially given Romeo's current lovesick state over Rosaline (at this point in the play, Romeo hasn't yet met Juliet).

Mercutio then goes on to mock Tybalt's fighting style, calling him ""More than Prince of cats"" and describing him as a precise, by-the-book duelist who fights with mathematical precision.","Benvolio informs Mercutio that Tybalt, the kinsman to old Capulet, has sent a letter to Romeo’s father’s house. Mercutio immediately deduces it is ""A challenge, on my life,"" and Benvolio confirms that Romeo will answer the letter's master, implying a duel.",0.9903954638955618,0.43,1.0
85,How does Mercutio describe Tybalt as a fighter?,[''],"

Perfect! I found the key passages where Mercutio describes Tybalt as a fighter. Based on the search results from Romeo and Juliet, here's how Mercutio describes Tybalt as a fighter:

## 📖 Mercutio's Description of Tybalt as a Fighter

Mercutio provides a detailed and mocking description of Tybalt's fighting style in **Act II, Scene 4**. He characterizes Tybalt with both admiration for his technical skill and disdain for his pretentious manner:

### 🎯 **Technical Fighting Skills**
Mercutio describes Tybalt as:
- **""More than Prince of cats""** - A play on ""Tybalt"" being a name for cats in old stories
- **""The courageous captain of compliments""** - A master of formal dueling etiquette
- **""He fights as you sing prick-song, keeps time, distance, and proportion""** - Fights with precise timing and technique, like reading musical notation
- **""The very butcher of a silk button""** - So precise he could slice a small silk button
- **""A duellist, a duellist; a gentleman of the very first house""** - A skilled duelist of the highest rank

### ⚔️ **Specific Fighting Terminology**
Mercutio mocks Tybalt's use of fashionable fencing terms:
- **""The immortal passado, the punto reverso, the hay""** - Specific fencing moves (thrust, reverse thrust, and a home thrust)
- **""Alla stoccata""** - Italian fencing term for a thrust

### 🐱 **Mocking Nicknames**
During their confrontation, Mercutio calls Tybalt:
- **""Good King of Cats""** 
- **""You rat-catcher""**

### 😤 **Final Assessment**
After being mortally wounded, Mercutio bitterly describes Tybalt as **""A braggart, a rogue, a villain, that fights by the book of arithmetic!""** - criticizing him for fighting too technically, by the rules rather than with genuine heart.

Mercutio's description portrays Tybalt as a highly skilled but overly formal and fashionable fighter who follows dueling protocol to the letter, which Mercutio finds both impressive and insufferably pretentious.

What aspects of Mercutio's characterization of Tybalt would you like to explore further?","Mercutio describes Tybalt as ""More than Prince of cats"" and ""the courageous captain of compliments."" He fights with precision, keeping ""time, distance, and proportion,"" and rests his minim rest before a thrust into the opponent's bosom, calling him ""the very butcher of a silk button."" Mercutio also refers to him as a ""duellist, a duellist; a gentleman of the very first house, of the first and second cause,"" mentioning specific fencing terms like the ""passado, the punto reverso, the hay.""",0.9928195037102107,0.71,1.0
86,What is Peter's request to the musicians after the Capulet family exits?,[''],"

Perfect! I found the scene where Peter interacts with the musicians after the Capulet family exits. Based on the search results, I can see this happens in Act IV, Scene V, after Juliet is found apparently dead and the Capulet family, Paris, and Friar exit.

After the Capulet family exits, Peter makes the following request to the musicians:

**Peter asks the musicians to play ""Heart's ease""** - specifically, he says:

> ""Musicians, O, musicians, 'Heart's ease,' 'Heart's ease', O, and you will have me live, play 'Heart's ease.'""

When the First Musician asks ""Why 'Heart's ease'?"", Peter responds:

> ""O musicians, because my heart itself plays 'My heart is full'. O play me some merry dump to comfort me.""

However, the First Musician refuses, saying ""Not a dump we, 'tis no time to play now,"" since they are in mourning for Juliet's apparent death.

This scene occurs right after the discovery of Juliet's ""death"" and the departure of the grieving family, when Peter, in his grief and seeking comfort, asks the hired musicians to play a cheerful tune called ""Heart's ease"" to help him cope with his sorrow. The irony is that the musicians refuse because it's inappropriate to play merry music during such a tragic time.","After the Capulet family exits, Peter approaches the musicians and asks them to play ""Heart’s ease,"" or if they want him to live, to ""play 'Heart’s ease'."" He explains that he wants this because his ""heart itself plays 'My heart is full'"" and asks for ""some merry dump to comfort me.""",0.9810124882308754,0.47,1.0
87,"What is the first musician's explanation for ""silver sound"" in the song lyrics Peter recites?",[''],"

Perfect! I found the relevant passage from Shakespeare's ""Romeo and Juliet."" Based on the search results, I can now answer your question about the first musician's explanation for ""silver sound.""

In the song lyrics that Peter recites in Romeo and Juliet, when he asks about ""silver sound"" in the phrase ""music with her silver sound,"" the **first musician (Simon Catling)** explains:

**""Marry, sir, because silver hath a sweet sound.""**

This is the first musician's simple and literal explanation for why the phrase uses ""silver sound"" - he says it's because silver itself has a sweet sound. However, Peter dismisses this explanation, calling the musician ""Prates"" (meaning ""chatters foolishly""), and then goes on to ask the second and third musicians for their explanations as well.

The scene is a playful exchange between Peter and the three musicians, where each tries to explain the poetic metaphor in their own way, with varying degrees of cleverness and wordplay.","When Peter questions ""Why 'silver sound'? Why 'music with her silver sound'?"", the first musician, Simon Catling, replies, ""Marry, sir, because silver hath a sweet sound.""",0.9282772272149292,0.25,1.0
